-- phpMyAdmin SQL Dump
-- version 3.5.2.2
-- http://www.phpmyadmin.net
--
-- Host: 127.0.0.1
-- Generation Time: Jun 19, 2013 at 08:26 PM
-- Server version: 5.5.27
-- PHP Version: 5.4.7

SET SQL_MODE="NO_AUTO_VALUE_ON_ZERO";
SET time_zone = "+00:00";


/*!40101 SET @OLD_CHARACTER_SET_CLIENT=@@CHARACTER_SET_CLIENT */;
/*!40101 SET @OLD_CHARACTER_SET_RESULTS=@@CHARACTER_SET_RESULTS */;
/*!40101 SET @OLD_COLLATION_CONNECTION=@@COLLATION_CONNECTION */;
/*!40101 SET NAMES utf8 */;

--
-- Database: `news`
--

-- --------------------------------------------------------

--
-- Table structure for table `os_acl`
--

DROP TABLE IF EXISTS `os_acl`;
CREATE TABLE IF NOT EXISTS `os_acl` (
  `id` int(11) NOT NULL AUTO_INCREMENT,
  `group_id` int(11) DEFAULT NULL,
  `controller` varchar(150) COLLATE utf8_unicode_ci DEFAULT NULL,
  `actions` varchar(150) COLLATE utf8_unicode_ci DEFAULT NULL,
  `access` tinyint(1) DEFAULT '0',
  PRIMARY KEY (`id`)
) ENGINE=InnoDB  DEFAULT CHARSET=utf8 COLLATE=utf8_unicode_ci AUTO_INCREMENT=224 ;

--
-- Dumping data for table `os_acl`
--

INSERT INTO `os_acl` (`id`, `group_id`, `controller`, `actions`, `access`) VALUES
(1, 1, 'City', 'admin', 1),
(2, 1, 'City', 'create', 1),
(3, 1, 'City', 'update', 1),
(4, 1, 'City', 'delete', 1),
(5, 1, 'State', 'admin', 1),
(6, 1, 'State', 'create', 1),
(7, 1, 'State', 'update', 1),
(8, 1, 'State', 'delete', 1),
(9, 1, 'Country', 'admin', 1),
(10, 1, 'Country', 'create', 1),
(11, 1, 'Country', 'update', 1),
(12, 1, 'Country', 'delete', 1),
(13, 1, 'Content', 'admin', 1),
(14, 1, 'Content', 'create', 1),
(15, 1, 'Content', 'update', 1),
(16, 1, 'Content', 'delete', 1),
(17, 1, 'ContentCategory', 'admin', 1),
(18, 1, 'ContentCategory', 'create', 1),
(19, 1, 'ContentCategory', 'update', 1),
(20, 1, 'ContentCategory', 'delete', 1),
(21, 1, 'Currency', 'admin', 1),
(22, 1, 'Country', 'create', 1),
(23, 1, 'Currency', 'update', 1),
(24, 1, 'Currency', 'delete', 1),
(25, 1, 'User', 'admin', 1),
(26, 1, 'User', 'create', 1),
(27, 1, 'User', 'update', 1),
(28, 1, 'User', 'delete', 1),
(29, 1, 'User', 'edit', 1),
(30, 1, 'User', 'view', 1),
(31, 2, 'City', 'admin', 1),
(32, 2, 'City', 'create', 1),
(33, 2, 'City', 'update', 0),
(34, 2, 'City', 'delete', 0),
(35, 2, 'State', 'admin', 0),
(36, 2, 'State', 'create', 0),
(37, 2, 'State', 'update', 0),
(38, 2, 'State', 'delete', 0),
(39, 2, 'Country', 'admin', 0),
(40, 2, 'Country', 'create', 0),
(41, 2, 'Country', 'update', 0),
(42, 2, 'Country', 'delete', 0),
(43, 2, 'Content', 'admin', 1),
(44, 2, 'Content', 'create', 1),
(45, 2, 'Content', 'update', 0),
(46, 2, 'Content', 'delete', 0),
(47, 2, 'ContentCategory', 'admin', 0),
(48, 2, 'ContentCategory', 'create', 0),
(49, 2, 'ContentCategory', 'update', 0),
(50, 2, 'ContentCategory', 'delete', 0),
(51, 2, 'Currency', 'admin', 0),
(52, 2, 'Currency', 'update', 0),
(53, 2, 'Currency', 'delete', 0),
(54, 2, 'User', 'admin', 0),
(55, 2, 'User', 'create', 0),
(56, 2, 'User', 'update', 0),
(57, 2, 'User', 'delete', 0),
(58, 2, 'User', 'edit', 0),
(59, 2, 'User', 'view', 0),
(60, 1, 'Acl', 'admin', 1),
(61, 1, 'Acl', 'create', 1),
(62, 1, 'Acl', 'update', 1),
(63, 1, 'Acl', 'delete', 1),
(64, 1, 'Acl', 'view', 1),
(65, 1, 'AclAction', 'admin', 1),
(66, 1, 'UserGroup', 'admin', 1),
(67, 1, 'UserGroup', 'create', 1),
(68, 1, 'UserGroup', 'delete', 1),
(69, 1, 'UserGroup', 'update', 1),
(70, 1, 'UserGroup', 'view', 1),
(71, 1, 'Acl', 'edit', 1),
(72, 1, 'AclAction', 'create', 1),
(73, 1, 'AclAction', 'delete', 1),
(74, 1, 'AclAction', 'update', 1),
(75, 1, 'AclAction', 'view', 1),
(76, 1, 'Country', 'view', 1),
(77, 1, 'AclController', 'admin', 1),
(78, 1, 'AclController', 'create', 1),
(79, 1, 'AclController', 'delete', 1),
(80, 1, 'AclController', 'update', 1),
(81, 1, 'AclController', 'view', 1),
(82, 1, 'City', 'view', 1),
(83, 1, 'Content', 'view', 1),
(84, 1, 'ContentCategory', 'view', 1),
(85, 1, 'Currency', 'view', 1),
(86, 1, 'State', 'view', 1),
(87, 1, 'UserAdmin', 'admin', 1),
(88, 1, 'UserAdmin', 'create', 1),
(89, 1, 'UserAdmin', 'delete', 1),
(90, 1, 'UserAdmin', 'update', 1),
(91, 1, 'UserAdmin', 'view', 1),
(92, 1, 'UserAdmin', 'edit', 1),
(93, 1, 'UserProfile', 'admin', 1),
(94, 1, 'UserProfile', 'create', 1),
(95, 1, 'UserProfile', 'delete', 1),
(96, 1, 'UserProfile', 'update', 1),
(97, 1, 'UserProfile', 'view', 1),
(98, 1, 'UserStatus', 'admin', 1),
(99, 1, 'UserStatus', 'create', 1),
(100, 1, 'UserStatus', 'delete', 1),
(101, 1, 'UserStatus', 'update', 1),
(102, 1, 'UserStatus', 'view', 1),
(103, 2, 'Country', 'view', 0),
(104, 2, 'Acl', 'admin', 0),
(105, 2, 'Acl', 'create', 0),
(106, 2, 'Acl', 'update', 0),
(107, 2, 'Acl', 'delete', 0),
(108, 2, 'Acl', 'view', 0),
(109, 2, 'AclAction', 'admin', 0),
(110, 2, 'UserGroup', 'admin', 0),
(111, 2, 'UserGroup', 'create', 0),
(112, 2, 'UserGroup', 'delete', 0),
(113, 2, 'UserGroup', 'update', 0),
(114, 2, 'UserGroup', 'view', 0),
(115, 2, 'Acl', 'edit', 0),
(116, 2, 'AclAction', 'create', 0),
(117, 2, 'AclAction', 'delete', 0),
(118, 2, 'AclAction', 'update', 0),
(119, 2, 'AclAction', 'view', 0),
(120, 2, 'AclController', 'admin', 0),
(121, 2, 'AclController', 'create', 0),
(122, 2, 'AclController', 'delete', 0),
(123, 2, 'AclController', 'update', 0),
(124, 2, 'AclController', 'view', 0),
(125, 2, 'City', 'view', 0),
(126, 2, 'Content', 'view', 0),
(127, 2, 'ContentCategory', 'view', 0),
(128, 2, 'Currency', 'view', 0),
(129, 2, 'State', 'view', 0),
(130, 2, 'UserAdmin', 'admin', 0),
(131, 2, 'UserAdmin', 'create', 0),
(132, 2, 'UserAdmin', 'delete', 0),
(133, 2, 'UserAdmin', 'update', 0),
(134, 2, 'UserAdmin', 'view', 0),
(135, 2, 'UserAdmin', 'edit', 0),
(136, 2, 'UserProfile', 'admin', 0),
(137, 2, 'UserProfile', 'create', 0),
(138, 2, 'UserProfile', 'delete', 0),
(139, 2, 'UserProfile', 'update', 0),
(140, 2, 'UserProfile', 'view', 0),
(141, 2, 'UserStatus', 'admin', 0),
(142, 2, 'UserStatus', 'create', 0),
(143, 2, 'UserStatus', 'delete', 0),
(144, 2, 'UserStatus', 'update', 0),
(145, 2, 'UserStatus', 'view', 0),
(146, 1, 'Currency', 'create', 1),
(147, 2, 'Currency', 'create', 0),
(148, 1, 'AclAction', 'actions', 1),
(149, 3, 'City', 'admin', 1),
(150, 3, 'City', 'create', 1),
(151, 3, 'City', 'update', 1),
(152, 3, 'City', 'delete', 1),
(153, 3, 'State', 'admin', 0),
(154, 3, 'State', 'create', 0),
(155, 3, 'State', 'update', 0),
(156, 3, 'State', 'delete', 0),
(157, 3, 'Country', 'admin', 0),
(158, 3, 'Country', 'create', 0),
(159, 3, 'Country', 'update', 0),
(160, 3, 'Country', 'delete', 0),
(161, 3, 'Content', 'admin', 0),
(162, 3, 'Content', 'create', 0),
(163, 3, 'Content', 'update', 0),
(164, 3, 'Content', 'delete', 0),
(165, 3, 'ContentCategory', 'admin', 0),
(166, 3, 'ContentCategory', 'create', 0),
(167, 3, 'ContentCategory', 'update', 0),
(168, 3, 'ContentCategory', 'delete', 0),
(169, 3, 'Currency', 'admin', 0),
(170, 3, 'Country', 'view', 0),
(171, 3, 'Currency', 'update', 0),
(172, 3, 'Currency', 'delete', 0),
(173, 3, 'User', 'admin', 0),
(174, 3, 'User', 'create', 0),
(175, 3, 'User', 'update', 0),
(176, 3, 'User', 'delete', 0),
(177, 3, 'User', 'edit', 0),
(178, 3, 'User', 'view', 0),
(179, 3, 'Acl', 'admin', 0),
(180, 3, 'Acl', 'create', 0),
(181, 3, 'Acl', 'update', 0),
(182, 3, 'Acl', 'delete', 0),
(183, 3, 'Acl', 'view', 0),
(184, 3, 'AclAction', 'admin', 0),
(185, 3, 'UserGroup', 'admin', 0),
(186, 3, 'UserGroup', 'create', 0),
(187, 3, 'UserGroup', 'delete', 0),
(188, 3, 'UserGroup', 'update', 0),
(189, 3, 'UserGroup', 'view', 0),
(190, 3, 'Acl', 'edit', 0),
(191, 3, 'AclAction', 'create', 0),
(192, 3, 'AclAction', 'delete', 0),
(193, 3, 'AclAction', 'update', 0),
(194, 3, 'AclAction', 'view', 0),
(195, 3, 'AclController', 'admin', 0),
(196, 3, 'AclController', 'create', 0),
(197, 3, 'AclController', 'delete', 0),
(198, 3, 'AclController', 'update', 0),
(199, 3, 'AclController', 'view', 0),
(200, 3, 'City', 'view', 1),
(201, 3, 'Content', 'view', 0),
(202, 3, 'ContentCategory', 'view', 0),
(203, 3, 'Currency', 'create', 0),
(204, 3, 'Currency', 'view', 0),
(205, 3, 'State', 'view', 0),
(206, 3, 'UserAdmin', 'admin', 0),
(207, 3, 'UserAdmin', 'create', 0),
(208, 3, 'UserAdmin', 'delete', 0),
(209, 3, 'UserAdmin', 'update', 0),
(210, 3, 'UserAdmin', 'view', 0),
(211, 3, 'UserAdmin', 'edit', 0),
(212, 3, 'UserProfile', 'admin', 0),
(213, 3, 'UserProfile', 'create', 0),
(214, 3, 'UserProfile', 'delete', 0),
(215, 3, 'UserProfile', 'update', 0),
(216, 3, 'UserProfile', 'view', 0),
(217, 3, 'UserStatus', 'admin', 0),
(218, 3, 'UserStatus', 'create', 0),
(219, 3, 'UserStatus', 'delete', 0),
(220, 3, 'UserStatus', 'update', 0),
(221, 3, 'UserStatus', 'view', 0),
(222, 3, 'AclAction', 'actions', 0),
(223, 3, 'Site', 'contact', 0);

-- --------------------------------------------------------

--
-- Table structure for table `os_acl_action`
--

DROP TABLE IF EXISTS `os_acl_action`;
CREATE TABLE IF NOT EXISTS `os_acl_action` (
  `id` int(11) NOT NULL AUTO_INCREMENT,
  `controller_id` int(11) DEFAULT NULL,
  `action` varchar(150) COLLATE utf8_unicode_ci DEFAULT NULL,
  PRIMARY KEY (`id`)
) ENGINE=InnoDB  DEFAULT CHARSET=utf8 COLLATE=utf8_unicode_ci AUTO_INCREMENT=77 ;

--
-- Dumping data for table `os_acl_action`
--

INSERT INTO `os_acl_action` (`id`, `controller_id`, `action`) VALUES
(1, 1, 'admin'),
(2, 1, 'create'),
(3, 1, 'update'),
(4, 1, 'delete'),
(5, 2, 'admin'),
(6, 2, 'create'),
(7, 2, 'update'),
(8, 2, 'delete'),
(9, 3, 'admin'),
(10, 3, 'create'),
(11, 3, 'update'),
(12, 3, 'delete'),
(13, 5, 'admin'),
(14, 5, 'create'),
(15, 5, 'update'),
(16, 5, 'delete'),
(17, 4, 'admin'),
(18, 4, 'create'),
(19, 4, 'update'),
(20, 4, 'delete'),
(21, 6, 'admin'),
(22, 3, 'view'),
(23, 6, 'update'),
(24, 6, 'delete'),
(25, 9, 'admin'),
(26, 9, 'create'),
(27, 9, 'update'),
(28, 9, 'delete'),
(29, 9, 'edit'),
(30, 9, 'view'),
(31, 13, 'admin'),
(32, 13, 'create'),
(33, 13, 'update'),
(34, 13, 'delete'),
(35, 13, 'view'),
(36, 14, 'admin'),
(37, 10, 'admin'),
(38, 10, 'create'),
(39, 10, 'delete'),
(40, 10, 'update'),
(41, 10, 'view'),
(42, 13, 'edit'),
(43, 14, 'create'),
(44, 14, 'delete'),
(45, 14, 'update'),
(46, 14, 'view'),
(47, 15, 'admin'),
(48, 15, 'create'),
(49, 15, 'delete'),
(50, 15, 'update'),
(51, 15, 'view'),
(52, 1, 'view'),
(53, 5, 'view'),
(54, 4, 'view'),
(55, 6, 'create'),
(56, 6, 'view'),
(57, 2, 'view'),
(58, 8, 'admin'),
(59, 8, 'create'),
(60, 8, 'delete'),
(61, 8, 'update'),
(62, 8, 'view'),
(63, 8, 'edit'),
(64, 11, 'admin'),
(65, 11, 'create'),
(66, 11, 'delete'),
(67, 11, 'update'),
(68, 11, 'view'),
(69, 12, 'admin'),
(70, 12, 'create'),
(71, 12, 'delete'),
(72, 12, 'update'),
(73, 12, 'view'),
(74, 14, 'create'),
(75, 14, 'actions'),
(76, 7, 'contact');

-- --------------------------------------------------------

--
-- Table structure for table `os_acl_controller`
--

DROP TABLE IF EXISTS `os_acl_controller`;
CREATE TABLE IF NOT EXISTS `os_acl_controller` (
  `id` int(11) NOT NULL AUTO_INCREMENT,
  `controller` varchar(150) COLLATE utf8_unicode_ci DEFAULT NULL,
  `controller_type` tinyint(2) DEFAULT NULL,
  PRIMARY KEY (`id`)
) ENGINE=InnoDB  DEFAULT CHARSET=utf8 COLLATE=utf8_unicode_ci AUTO_INCREMENT=16 ;

--
-- Dumping data for table `os_acl_controller`
--

INSERT INTO `os_acl_controller` (`id`, `controller`, `controller_type`) VALUES
(1, 'City', 1),
(2, 'State', 1),
(3, 'Country', 1),
(4, 'ContentCategory', 1),
(5, 'Content', 1),
(6, 'Currency', 1),
(7, 'Site', 1),
(8, 'UserAdmin', 1),
(9, 'User', 1),
(10, 'UserGroup', 1),
(11, 'UserProfile', 1),
(12, 'UserStatus', 1),
(13, 'Acl', 1),
(14, 'AclAction', 1),
(15, 'AclController', 1);

-- --------------------------------------------------------

--
-- Table structure for table `os_acl_data`
--

DROP TABLE IF EXISTS `os_acl_data`;
CREATE TABLE IF NOT EXISTS `os_acl_data` (
  `id` int(11) NOT NULL AUTO_INCREMENT,
  `controller` varchar(200) NOT NULL,
  `actions` text NOT NULL,
  PRIMARY KEY (`id`),
  UNIQUE KEY `id` (`id`,`controller`)
) ENGINE=MyISAM  DEFAULT CHARSET=latin1 AUTO_INCREMENT=56 ;

--
-- Dumping data for table `os_acl_data`
--

INSERT INTO `os_acl_data` (`id`, `controller`, `actions`) VALUES
(42, 'City', ''),
(43, 'ContentCategory', ''),
(44, 'Content', ''),
(45, 'Country', ''),
(46, 'Currency', ''),
(47, 'Site', ''),
(48, 'State', ''),
(49, 'UserAdmin', ''),
(50, 'User', ''),
(51, 'UserGroup', ''),
(52, 'UserProfile', ''),
(53, 'UserStatus', ''),
(54, 'AclAction', ''),
(55, 'Acl', '');

-- --------------------------------------------------------

--
-- Table structure for table `os_advertisement`
--

DROP TABLE IF EXISTS `os_advertisement`;
CREATE TABLE IF NOT EXISTS `os_advertisement` (
  `id` int(10) unsigned NOT NULL AUTO_INCREMENT,
  `category_id` int(11) DEFAULT NULL,
  `title` varchar(200) DEFAULT NULL,
  `picture` varchar(255) DEFAULT NULL,
  `created_date` date DEFAULT '0000-00-00',
  `ordering` int(11) DEFAULT NULL,
  PRIMARY KEY (`id`)
) ENGINE=InnoDB DEFAULT CHARSET=latin1 AUTO_INCREMENT=1 ;

-- --------------------------------------------------------

--
-- Table structure for table `os_advertisement_category`
--

DROP TABLE IF EXISTS `os_advertisement_category`;
CREATE TABLE IF NOT EXISTS `os_advertisement_category` (
  `id` int(10) unsigned NOT NULL AUTO_INCREMENT,
  `title` varchar(200) COLLATE utf8_unicode_ci DEFAULT NULL,
  PRIMARY KEY (`id`)
) ENGINE=InnoDB  DEFAULT CHARSET=utf8 COLLATE=utf8_unicode_ci AUTO_INCREMENT=11 ;

--
-- Dumping data for table `os_advertisement_category`
--

INSERT INTO `os_advertisement_category` (`id`, `title`) VALUES
(1, 'নিউজার্সির খবর'),
(2, 'বোস্টনের খবর'),
(3, 'নিউয়র্কের খবর'),
(4, 'যুক্তরাষ্ট্রের খবর'),
(5, 'বাংলাদেশের খবর'),
(6, 'প্রবাসীদের খবর'),
(7, 'বিনোদন'),
(8, 'নানান আয়োজন'),
(9, 'আজকের খবর'),
(10, 'লেখকদের কলাম');

-- --------------------------------------------------------

--
-- Table structure for table `os_city`
--

DROP TABLE IF EXISTS `os_city`;
CREATE TABLE IF NOT EXISTS `os_city` (
  `id` int(11) unsigned NOT NULL AUTO_INCREMENT,
  `country_id` int(11) DEFAULT NULL,
  `state_id` int(11) DEFAULT NULL,
  `city_name` varchar(255) COLLATE utf8_unicode_ci DEFAULT NULL,
  `city_3_code` varchar(9) COLLATE utf8_unicode_ci DEFAULT NULL,
  `city_2_code` varchar(6) COLLATE utf8_unicode_ci DEFAULT NULL,
  `ordering` double DEFAULT NULL,
  `published` tinyint(1) DEFAULT NULL,
  `created_on` datetime DEFAULT NULL,
  `created_by` double DEFAULT NULL,
  `modified_on` datetime DEFAULT NULL,
  `modified_by` double DEFAULT NULL,
  `locked_on` datetime DEFAULT NULL,
  `locked_by` double DEFAULT NULL,
  PRIMARY KEY (`id`)
) ENGINE=InnoDB  DEFAULT CHARSET=utf8 COLLATE=utf8_unicode_ci AUTO_INCREMENT=3 ;

--
-- Dumping data for table `os_city`
--

INSERT INTO `os_city` (`id`, `country_id`, `state_id`, `city_name`, `city_3_code`, `city_2_code`, `ordering`, `published`, `created_on`, `created_by`, `modified_on`, `modified_by`, `locked_on`, `locked_by`) VALUES
(1, 18, 653, 'Dhaka', 'DHK', 'DK', 1, 1, '2012-12-24 05:15:00', 1, NULL, NULL, NULL, NULL),
(2, 18, 653, 'Khulna', 'KHL', 'KH', 2, 1, '2012-12-24 05:15:00', 1, NULL, NULL, NULL, NULL);

-- --------------------------------------------------------

--
-- Table structure for table `os_content`
--

DROP TABLE IF EXISTS `os_content`;
CREATE TABLE IF NOT EXISTS `os_content` (
  `id` int(10) unsigned NOT NULL AUTO_INCREMENT,
  `title` varchar(255) NOT NULL DEFAULT '',
  `alias` varchar(255) CHARACTER SET utf8 COLLATE utf8_bin NOT NULL DEFAULT '',
  `introtext` mediumtext NOT NULL,
  `fulltext` mediumtext NOT NULL,
  `state` tinyint(3) NOT NULL DEFAULT '0',
  `catid` int(10) unsigned NOT NULL DEFAULT '0',
  `created` datetime NOT NULL DEFAULT '0000-00-00 00:00:00',
  `created_by` int(10) unsigned NOT NULL DEFAULT '0',
  `modified` datetime NOT NULL DEFAULT '0000-00-00 00:00:00',
  `modified_by` int(10) unsigned NOT NULL DEFAULT '0',
  `publish_up` datetime NOT NULL DEFAULT '0000-00-00 00:00:00',
  `publish_down` datetime NOT NULL DEFAULT '0000-00-00 00:00:00',
  `ordering` int(11) NOT NULL DEFAULT '0',
  `metakey` text NOT NULL,
  `metadesc` text NOT NULL,
  `hits` int(10) unsigned NOT NULL DEFAULT '0',
  `featured` tinyint(3) unsigned NOT NULL DEFAULT '0',
  `profile_picture` varchar(255) DEFAULT NULL,
  PRIMARY KEY (`id`),
  KEY `idx_state` (`state`),
  KEY `idx_catid` (`catid`),
  KEY `idx_createdby` (`created_by`),
  KEY `idx_featured_catid` (`featured`,`catid`)
) ENGINE=InnoDB DEFAULT CHARSET=utf8 AUTO_INCREMENT=1 ;

-- --------------------------------------------------------

--
-- Table structure for table `os_content_category`
--

DROP TABLE IF EXISTS `os_content_category`;
CREATE TABLE IF NOT EXISTS `os_content_category` (
  `id` int(11) NOT NULL AUTO_INCREMENT,
  `parent_id` int(11) unsigned NOT NULL DEFAULT '0',
  `title` varchar(255) NOT NULL,
  `alias` varchar(255) CHARACTER SET utf8 COLLATE utf8_bin NOT NULL,
  `description` mediumtext NOT NULL,
  `published` tinyint(1) NOT NULL DEFAULT '0',
  `created_by` int(11) DEFAULT NULL,
  `created_time` datetime NOT NULL DEFAULT '0000-00-00 00:00:00',
  `modified_by` int(11) DEFAULT NULL,
  `modified_time` datetime NOT NULL DEFAULT '0000-00-00 00:00:00',
  PRIMARY KEY (`id`),
  KEY `cat_idx` (`published`),
  KEY `idx_alias` (`alias`)
) ENGINE=InnoDB  DEFAULT CHARSET=utf8 AUTO_INCREMENT=12 ;

--
-- Dumping data for table `os_content_category`
--

INSERT INTO `os_content_category` (`id`, `parent_id`, `title`, `alias`, `description`, `published`, `created_by`, `created_time`, `modified_by`, `modified_time`) VALUES
(1, 0, 'Uncategorized', 'uncategorized', 'Uncategorized content here!', 1, 1, '0000-00-00 00:00:00', 1, '2013-03-12 09:18:00'),
(2, 0, 'নিউজার্সির খবর', 'নিউজার্সির-খবর', '', 1, 1, '2013-03-12 08:14:00', 1, '2013-05-27 18:50:00'),
(3, 0, 'বোস্টনের খবর', 'বোস্টনের-খবর', '', 1, 1, '2013-05-27 18:51:00', NULL, '0000-00-00 00:00:00'),
(4, 0, 'নিউয়র্কের খবর', 'নিউয়র্কের-খবর', '', 1, 1, '2013-05-27 18:51:00', NULL, '0000-00-00 00:00:00'),
(5, 0, 'যুক্তরাষ্ট্রের খবর', 'যুক্তরাষ্ট্রের-খবর', '', 1, 1, '2013-05-27 18:51:00', NULL, '0000-00-00 00:00:00'),
(6, 0, 'বাংলাদেশের খবর', 'বাংলাদেশের-খবর', '', 1, 1, '2013-05-27 18:52:00', NULL, '0000-00-00 00:00:00'),
(7, 0, 'প্রবাসীদের খবর', 'প্রবাসীদের-খবর', '', 1, 1, '2013-05-27 18:52:00', NULL, '0000-00-00 00:00:00'),
(8, 0, 'বিনোদন', 'বিনোদন', '', 1, 1, '2013-05-27 18:52:00', NULL, '0000-00-00 00:00:00'),
(9, 0, 'নানান আয়োজন', 'নানান-আয়োজন', '', 1, 1, '2013-05-27 18:53:00', NULL, '0000-00-00 00:00:00'),
(10, 0, 'আজকের খবর', 'আজকের-খবর', '', 1, 1, '2013-05-27 18:53:00', NULL, '0000-00-00 00:00:00'),
(11, 0, 'লেখকদের কলাম', 'লেখকদের-কলাম', '', 1, 1, '2013-05-27 18:53:00', NULL, '0000-00-00 00:00:00');

-- --------------------------------------------------------

--
-- Table structure for table `os_country`
--

DROP TABLE IF EXISTS `os_country`;
CREATE TABLE IF NOT EXISTS `os_country` (
  `id` int(11) NOT NULL AUTO_INCREMENT,
  `worldzone_id` tinyint(11) NOT NULL DEFAULT '1',
  `country_name` varchar(255) DEFAULT NULL,
  `country_3_code` char(3) DEFAULT NULL,
  `country_2_code` char(2) DEFAULT NULL,
  `ordering` int(2) NOT NULL DEFAULT '0',
  `published` tinyint(1) NOT NULL DEFAULT '1',
  `created_on` datetime NOT NULL DEFAULT '0000-00-00 00:00:00',
  `created_by` int(11) NOT NULL DEFAULT '0',
  `modified_on` datetime NOT NULL DEFAULT '0000-00-00 00:00:00',
  `modified_by` int(11) NOT NULL DEFAULT '0',
  `locked_on` datetime NOT NULL DEFAULT '0000-00-00 00:00:00',
  `locked_by` int(11) NOT NULL DEFAULT '0',
  PRIMARY KEY (`id`),
  KEY `idx_country_3_code` (`country_3_code`),
  KEY `idx_country_2_code` (`country_2_code`)
) ENGINE=MyISAM  DEFAULT CHARSET=utf8 COMMENT='Country records' AUTO_INCREMENT=250 ;

--
-- Dumping data for table `os_country`
--

INSERT INTO `os_country` (`id`, `worldzone_id`, `country_name`, `country_3_code`, `country_2_code`, `ordering`, `published`, `created_on`, `created_by`, `modified_on`, `modified_by`, `locked_on`, `locked_by`) VALUES
(1, 1, 'Afghanistan', 'AFG', 'AF', 1, 1, '0000-00-00 00:00:00', 1, '0000-00-00 00:00:00', 0, '0000-00-00 00:00:00', 0),
(2, 1, 'Albania', 'ALB', 'AL', 0, 1, '0000-00-00 00:00:00', 1, '0000-00-00 00:00:00', 0, '0000-00-00 00:00:00', 0),
(3, 1, 'Algeria', 'DZA', 'DZ', 0, 1, '0000-00-00 00:00:00', 1, '0000-00-00 00:00:00', 0, '0000-00-00 00:00:00', 0),
(4, 1, 'American Samoa', 'ASM', 'AS', 0, 1, '0000-00-00 00:00:00', 1, '0000-00-00 00:00:00', 0, '0000-00-00 00:00:00', 0),
(5, 1, 'Andorra', 'AND', 'AD', 0, 1, '0000-00-00 00:00:00', 1, '0000-00-00 00:00:00', 0, '0000-00-00 00:00:00', 0),
(6, 1, 'Angola', 'AGO', 'AO', 0, 1, '0000-00-00 00:00:00', 1, '0000-00-00 00:00:00', 0, '0000-00-00 00:00:00', 0),
(7, 1, 'Anguilla', 'AIA', 'AI', 0, 1, '0000-00-00 00:00:00', 1, '0000-00-00 00:00:00', 0, '0000-00-00 00:00:00', 0),
(8, 1, 'Antarctica', 'ATA', 'AQ', 0, 1, '0000-00-00 00:00:00', 1, '0000-00-00 00:00:00', 0, '0000-00-00 00:00:00', 0),
(9, 1, 'Antigua and Barbuda', 'ATG', 'AG', 0, 1, '0000-00-00 00:00:00', 1, '0000-00-00 00:00:00', 0, '0000-00-00 00:00:00', 0),
(10, 1, 'Argentina', 'ARG', 'AR', 0, 1, '0000-00-00 00:00:00', 1, '0000-00-00 00:00:00', 0, '0000-00-00 00:00:00', 0),
(11, 1, 'Armenia', 'ARM', 'AM', 0, 1, '0000-00-00 00:00:00', 1, '0000-00-00 00:00:00', 0, '0000-00-00 00:00:00', 0),
(12, 1, 'Aruba', 'ABW', 'AW', 0, 1, '0000-00-00 00:00:00', 1, '0000-00-00 00:00:00', 0, '0000-00-00 00:00:00', 0),
(13, 1, 'Australia', 'AUS', 'AU', 0, 1, '0000-00-00 00:00:00', 1, '0000-00-00 00:00:00', 0, '0000-00-00 00:00:00', 0),
(14, 1, 'Austria', 'AUT', 'AT', 0, 1, '0000-00-00 00:00:00', 1, '0000-00-00 00:00:00', 0, '0000-00-00 00:00:00', 0),
(15, 1, 'Azerbaijan', 'AZE', 'AZ', 0, 1, '0000-00-00 00:00:00', 1, '0000-00-00 00:00:00', 0, '0000-00-00 00:00:00', 0),
(16, 1, 'Bahamas', 'BHS', 'BS', 0, 1, '0000-00-00 00:00:00', 1, '0000-00-00 00:00:00', 0, '0000-00-00 00:00:00', 0),
(17, 1, 'Bahrain', 'BHR', 'BH', 0, 1, '0000-00-00 00:00:00', 1, '0000-00-00 00:00:00', 0, '0000-00-00 00:00:00', 0),
(18, 1, 'Bangladesh', 'BGD', 'BD', 0, 1, '0000-00-00 00:00:00', 1, '0000-00-00 00:00:00', 0, '0000-00-00 00:00:00', 0),
(19, 1, 'Barbados', 'BRB', 'BB', 0, 1, '0000-00-00 00:00:00', 1, '0000-00-00 00:00:00', 0, '0000-00-00 00:00:00', 0),
(20, 1, 'Belarus', 'BLR', 'BY', 0, 1, '0000-00-00 00:00:00', 1, '0000-00-00 00:00:00', 0, '0000-00-00 00:00:00', 0),
(21, 1, 'Belgium', 'BEL', 'BE', 0, 1, '0000-00-00 00:00:00', 1, '0000-00-00 00:00:00', 0, '0000-00-00 00:00:00', 0),
(22, 1, 'Belize', 'BLZ', 'BZ', 0, 1, '0000-00-00 00:00:00', 1, '0000-00-00 00:00:00', 0, '0000-00-00 00:00:00', 0),
(23, 1, 'Benin', 'BEN', 'BJ', 0, 1, '0000-00-00 00:00:00', 1, '0000-00-00 00:00:00', 0, '0000-00-00 00:00:00', 0),
(24, 1, 'Bermuda', 'BMU', 'BM', 0, 1, '0000-00-00 00:00:00', 1, '0000-00-00 00:00:00', 0, '0000-00-00 00:00:00', 0),
(25, 1, 'Bhutan', 'BTN', 'BT', 0, 1, '0000-00-00 00:00:00', 1, '0000-00-00 00:00:00', 0, '0000-00-00 00:00:00', 0),
(26, 1, 'Bolivia', 'BOL', 'BO', 0, 1, '0000-00-00 00:00:00', 1, '0000-00-00 00:00:00', 0, '0000-00-00 00:00:00', 0),
(27, 1, 'Bosnia and Herzegowina', 'BIH', 'BA', 0, 1, '0000-00-00 00:00:00', 1, '0000-00-00 00:00:00', 0, '0000-00-00 00:00:00', 0),
(28, 1, 'Botswana', 'BWA', 'BW', 0, 1, '0000-00-00 00:00:00', 1, '0000-00-00 00:00:00', 0, '0000-00-00 00:00:00', 0),
(29, 1, 'Bouvet Island', 'BVT', 'BV', 0, 1, '0000-00-00 00:00:00', 1, '0000-00-00 00:00:00', 0, '0000-00-00 00:00:00', 0),
(30, 1, 'Brazil', 'BRA', 'BR', 0, 1, '0000-00-00 00:00:00', 1, '0000-00-00 00:00:00', 0, '0000-00-00 00:00:00', 0),
(31, 1, 'British Indian Ocean Territory', 'IOT', 'IO', 0, 1, '0000-00-00 00:00:00', 1, '0000-00-00 00:00:00', 0, '0000-00-00 00:00:00', 0),
(32, 1, 'Brunei Darussalam', 'BRN', 'BN', 0, 1, '0000-00-00 00:00:00', 1, '0000-00-00 00:00:00', 0, '0000-00-00 00:00:00', 0),
(33, 1, 'Bulgaria', 'BGR', 'BG', 0, 1, '0000-00-00 00:00:00', 1, '0000-00-00 00:00:00', 0, '0000-00-00 00:00:00', 0),
(34, 1, 'Burkina Faso', 'BFA', 'BF', 0, 1, '0000-00-00 00:00:00', 1, '0000-00-00 00:00:00', 0, '0000-00-00 00:00:00', 0),
(35, 1, 'Burundi', 'BDI', 'BI', 0, 1, '0000-00-00 00:00:00', 1, '0000-00-00 00:00:00', 0, '0000-00-00 00:00:00', 0),
(36, 1, 'Cambodia', 'KHM', 'KH', 0, 1, '0000-00-00 00:00:00', 1, '0000-00-00 00:00:00', 0, '0000-00-00 00:00:00', 0),
(37, 1, 'Cameroon', 'CMR', 'CM', 0, 1, '0000-00-00 00:00:00', 1, '0000-00-00 00:00:00', 0, '0000-00-00 00:00:00', 0),
(38, 1, 'Canada', 'CAN', 'CA', 0, 1, '0000-00-00 00:00:00', 1, '0000-00-00 00:00:00', 0, '0000-00-00 00:00:00', 0),
(39, 1, 'Cape Verde', 'CPV', 'CV', 0, 1, '0000-00-00 00:00:00', 1, '0000-00-00 00:00:00', 0, '0000-00-00 00:00:00', 0),
(40, 1, 'Cayman Islands', 'CYM', 'KY', 0, 1, '0000-00-00 00:00:00', 1, '0000-00-00 00:00:00', 0, '0000-00-00 00:00:00', 0),
(41, 1, 'Central African Republic', 'CAF', 'CF', 0, 1, '0000-00-00 00:00:00', 1, '0000-00-00 00:00:00', 0, '0000-00-00 00:00:00', 0),
(42, 1, 'Chad', 'TCD', 'TD', 0, 1, '0000-00-00 00:00:00', 1, '0000-00-00 00:00:00', 0, '0000-00-00 00:00:00', 0),
(43, 1, 'Chile', 'CHL', 'CL', 0, 1, '0000-00-00 00:00:00', 1, '0000-00-00 00:00:00', 0, '0000-00-00 00:00:00', 0),
(44, 1, 'China', 'CHN', 'CN', 0, 1, '0000-00-00 00:00:00', 1, '0000-00-00 00:00:00', 0, '0000-00-00 00:00:00', 0),
(45, 1, 'Christmas Island', 'CXR', 'CX', 0, 1, '0000-00-00 00:00:00', 1, '0000-00-00 00:00:00', 0, '0000-00-00 00:00:00', 0),
(46, 1, 'Cocos (Keeling) Islands', 'CCK', 'CC', 0, 1, '0000-00-00 00:00:00', 1, '0000-00-00 00:00:00', 0, '0000-00-00 00:00:00', 0),
(47, 1, 'Colombia', 'COL', 'CO', 0, 1, '0000-00-00 00:00:00', 1, '0000-00-00 00:00:00', 0, '0000-00-00 00:00:00', 0),
(48, 1, 'Comoros', 'COM', 'KM', 0, 1, '0000-00-00 00:00:00', 1, '0000-00-00 00:00:00', 0, '0000-00-00 00:00:00', 0),
(49, 1, 'Congo', 'COG', 'CG', 0, 1, '0000-00-00 00:00:00', 1, '0000-00-00 00:00:00', 0, '0000-00-00 00:00:00', 0),
(50, 1, 'Cook Islands', 'COK', 'CK', 0, 1, '0000-00-00 00:00:00', 1, '0000-00-00 00:00:00', 0, '0000-00-00 00:00:00', 0),
(51, 1, 'Costa Rica', 'CRI', 'CR', 0, 1, '0000-00-00 00:00:00', 1, '0000-00-00 00:00:00', 0, '0000-00-00 00:00:00', 0),
(52, 1, 'Cote D''Ivoire', 'CIV', 'CI', 0, 1, '0000-00-00 00:00:00', 1, '0000-00-00 00:00:00', 0, '0000-00-00 00:00:00', 0),
(53, 1, 'Croatia', 'HRV', 'HR', 0, 1, '0000-00-00 00:00:00', 1, '0000-00-00 00:00:00', 0, '0000-00-00 00:00:00', 0),
(54, 1, 'Cuba', 'CUB', 'CU', 0, 1, '0000-00-00 00:00:00', 1, '0000-00-00 00:00:00', 0, '0000-00-00 00:00:00', 0),
(55, 1, 'Cyprus', 'CYP', 'CY', 0, 1, '0000-00-00 00:00:00', 1, '0000-00-00 00:00:00', 0, '0000-00-00 00:00:00', 0),
(56, 1, 'Czech Republic', 'CZE', 'CZ', 0, 1, '0000-00-00 00:00:00', 1, '0000-00-00 00:00:00', 0, '0000-00-00 00:00:00', 0),
(57, 1, 'Denmark', 'DNK', 'DK', 0, 1, '0000-00-00 00:00:00', 1, '0000-00-00 00:00:00', 0, '0000-00-00 00:00:00', 0),
(58, 1, 'Djibouti', 'DJI', 'DJ', 0, 1, '0000-00-00 00:00:00', 1, '0000-00-00 00:00:00', 0, '0000-00-00 00:00:00', 0),
(59, 1, 'Dominica', 'DMA', 'DM', 0, 1, '0000-00-00 00:00:00', 1, '0000-00-00 00:00:00', 0, '0000-00-00 00:00:00', 0),
(60, 1, 'Dominican Republic', 'DOM', 'DO', 0, 1, '0000-00-00 00:00:00', 1, '0000-00-00 00:00:00', 0, '0000-00-00 00:00:00', 0),
(61, 1, 'East Timor', 'TMP', 'TP', 0, 1, '0000-00-00 00:00:00', 1, '0000-00-00 00:00:00', 0, '0000-00-00 00:00:00', 0),
(62, 1, 'Ecuador', 'ECU', 'EC', 0, 1, '0000-00-00 00:00:00', 1, '0000-00-00 00:00:00', 0, '0000-00-00 00:00:00', 0),
(63, 1, 'Egypt', 'EGY', 'EG', 0, 1, '0000-00-00 00:00:00', 1, '0000-00-00 00:00:00', 0, '0000-00-00 00:00:00', 0),
(64, 1, 'El Salvador', 'SLV', 'SV', 0, 1, '0000-00-00 00:00:00', 1, '0000-00-00 00:00:00', 0, '0000-00-00 00:00:00', 0),
(65, 1, 'Equatorial Guinea', 'GNQ', 'GQ', 0, 1, '0000-00-00 00:00:00', 1, '0000-00-00 00:00:00', 0, '0000-00-00 00:00:00', 0),
(66, 1, 'Eritrea', 'ERI', 'ER', 0, 1, '0000-00-00 00:00:00', 1, '0000-00-00 00:00:00', 0, '0000-00-00 00:00:00', 0),
(67, 1, 'Estonia', 'EST', 'EE', 0, 1, '0000-00-00 00:00:00', 1, '0000-00-00 00:00:00', 0, '0000-00-00 00:00:00', 0),
(68, 1, 'Ethiopia', 'ETH', 'ET', 0, 1, '0000-00-00 00:00:00', 1, '0000-00-00 00:00:00', 0, '0000-00-00 00:00:00', 0),
(69, 1, 'Falkland Islands (Malvinas)', 'FLK', 'FK', 0, 1, '0000-00-00 00:00:00', 1, '0000-00-00 00:00:00', 0, '0000-00-00 00:00:00', 0),
(70, 1, 'Faroe Islands', 'FRO', 'FO', 0, 1, '0000-00-00 00:00:00', 1, '0000-00-00 00:00:00', 0, '0000-00-00 00:00:00', 0),
(71, 1, 'Fiji', 'FJI', 'FJ', 0, 1, '0000-00-00 00:00:00', 1, '0000-00-00 00:00:00', 0, '0000-00-00 00:00:00', 0),
(72, 1, 'Finland', 'FIN', 'FI', 0, 1, '0000-00-00 00:00:00', 1, '0000-00-00 00:00:00', 0, '0000-00-00 00:00:00', 0),
(73, 1, 'France', 'FRA', 'FR', 0, 1, '0000-00-00 00:00:00', 1, '0000-00-00 00:00:00', 0, '0000-00-00 00:00:00', 0),
(75, 1, 'French Guiana', 'GUF', 'GF', 0, 1, '0000-00-00 00:00:00', 1, '0000-00-00 00:00:00', 0, '0000-00-00 00:00:00', 0),
(76, 1, 'French Polynesia', 'PYF', 'PF', 0, 1, '0000-00-00 00:00:00', 1, '0000-00-00 00:00:00', 0, '0000-00-00 00:00:00', 0),
(77, 1, 'French Southern Territories', 'ATF', 'TF', 0, 1, '0000-00-00 00:00:00', 1, '0000-00-00 00:00:00', 0, '0000-00-00 00:00:00', 0),
(78, 1, 'Gabon', 'GAB', 'GA', 0, 1, '0000-00-00 00:00:00', 1, '0000-00-00 00:00:00', 0, '0000-00-00 00:00:00', 0),
(79, 1, 'Gambia', 'GMB', 'GM', 0, 1, '0000-00-00 00:00:00', 1, '0000-00-00 00:00:00', 0, '0000-00-00 00:00:00', 0),
(80, 1, 'Georgia', 'GEO', 'GE', 0, 1, '0000-00-00 00:00:00', 1, '0000-00-00 00:00:00', 0, '0000-00-00 00:00:00', 0),
(81, 1, 'Germany', 'DEU', 'DE', 0, 1, '0000-00-00 00:00:00', 1, '0000-00-00 00:00:00', 0, '0000-00-00 00:00:00', 0),
(82, 1, 'Ghana', 'GHA', 'GH', 0, 1, '0000-00-00 00:00:00', 1, '0000-00-00 00:00:00', 0, '0000-00-00 00:00:00', 0),
(83, 1, 'Gibraltar', 'GIB', 'GI', 0, 1, '0000-00-00 00:00:00', 1, '0000-00-00 00:00:00', 0, '0000-00-00 00:00:00', 0),
(84, 1, 'Greece', 'GRC', 'GR', 0, 1, '0000-00-00 00:00:00', 1, '0000-00-00 00:00:00', 0, '0000-00-00 00:00:00', 0),
(85, 1, 'Greenland', 'GRL', 'GL', 0, 1, '0000-00-00 00:00:00', 1, '0000-00-00 00:00:00', 0, '0000-00-00 00:00:00', 0),
(86, 1, 'Grenada', 'GRD', 'GD', 0, 1, '0000-00-00 00:00:00', 1, '0000-00-00 00:00:00', 0, '0000-00-00 00:00:00', 0),
(87, 1, 'Guadeloupe', 'GLP', 'GP', 0, 1, '0000-00-00 00:00:00', 1, '0000-00-00 00:00:00', 0, '0000-00-00 00:00:00', 0),
(88, 1, 'Guam', 'GUM', 'GU', 0, 1, '0000-00-00 00:00:00', 1, '0000-00-00 00:00:00', 0, '0000-00-00 00:00:00', 0),
(89, 1, 'Guatemala', 'GTM', 'GT', 0, 1, '0000-00-00 00:00:00', 1, '0000-00-00 00:00:00', 0, '0000-00-00 00:00:00', 0),
(90, 1, 'Guinea', 'GIN', 'GN', 0, 1, '0000-00-00 00:00:00', 1, '0000-00-00 00:00:00', 0, '0000-00-00 00:00:00', 0),
(91, 1, 'Guinea-bissau', 'GNB', 'GW', 0, 1, '0000-00-00 00:00:00', 1, '0000-00-00 00:00:00', 0, '0000-00-00 00:00:00', 0),
(92, 1, 'Guyana', 'GUY', 'GY', 0, 1, '0000-00-00 00:00:00', 1, '0000-00-00 00:00:00', 0, '0000-00-00 00:00:00', 0),
(93, 1, 'Haiti', 'HTI', 'HT', 0, 1, '0000-00-00 00:00:00', 1, '0000-00-00 00:00:00', 0, '0000-00-00 00:00:00', 0),
(94, 1, 'Heard and Mc Donald Islands', 'HMD', 'HM', 0, 1, '0000-00-00 00:00:00', 1, '0000-00-00 00:00:00', 0, '0000-00-00 00:00:00', 0),
(95, 1, 'Honduras', 'HND', 'HN', 0, 1, '0000-00-00 00:00:00', 1, '0000-00-00 00:00:00', 0, '0000-00-00 00:00:00', 0),
(96, 1, 'Hong Kong', 'HKG', 'HK', 0, 1, '0000-00-00 00:00:00', 1, '0000-00-00 00:00:00', 0, '0000-00-00 00:00:00', 0),
(97, 1, 'Hungary', 'HUN', 'HU', 0, 1, '0000-00-00 00:00:00', 1, '0000-00-00 00:00:00', 0, '0000-00-00 00:00:00', 0),
(98, 1, 'Iceland', 'ISL', 'IS', 0, 1, '0000-00-00 00:00:00', 1, '0000-00-00 00:00:00', 0, '0000-00-00 00:00:00', 0),
(99, 1, 'India', 'IND', 'IN', 0, 1, '0000-00-00 00:00:00', 1, '0000-00-00 00:00:00', 0, '0000-00-00 00:00:00', 0),
(100, 1, 'Indonesia', 'IDN', 'ID', 0, 1, '0000-00-00 00:00:00', 1, '0000-00-00 00:00:00', 0, '0000-00-00 00:00:00', 0),
(101, 1, 'Iran (Islamic Republic of)', 'IRN', 'IR', 0, 1, '0000-00-00 00:00:00', 1, '0000-00-00 00:00:00', 0, '0000-00-00 00:00:00', 0),
(102, 1, 'Iraq', 'IRQ', 'IQ', 0, 1, '0000-00-00 00:00:00', 1, '0000-00-00 00:00:00', 0, '0000-00-00 00:00:00', 0),
(103, 1, 'Ireland', 'IRL', 'IE', 0, 1, '0000-00-00 00:00:00', 1, '0000-00-00 00:00:00', 0, '0000-00-00 00:00:00', 0),
(104, 1, 'Israel', 'ISR', 'IL', 0, 1, '0000-00-00 00:00:00', 1, '0000-00-00 00:00:00', 0, '0000-00-00 00:00:00', 0),
(105, 1, 'Italy', 'ITA', 'IT', 0, 1, '0000-00-00 00:00:00', 1, '0000-00-00 00:00:00', 0, '0000-00-00 00:00:00', 0),
(106, 1, 'Jamaica', 'JAM', 'JM', 0, 1, '0000-00-00 00:00:00', 1, '0000-00-00 00:00:00', 0, '0000-00-00 00:00:00', 0),
(107, 1, 'Japan', 'JPN', 'JP', 0, 1, '0000-00-00 00:00:00', 1, '0000-00-00 00:00:00', 0, '0000-00-00 00:00:00', 0),
(108, 1, 'Jordan', 'JOR', 'JO', 0, 1, '0000-00-00 00:00:00', 1, '0000-00-00 00:00:00', 0, '0000-00-00 00:00:00', 0),
(109, 1, 'Kazakhstan', 'KAZ', 'KZ', 0, 1, '0000-00-00 00:00:00', 1, '0000-00-00 00:00:00', 0, '0000-00-00 00:00:00', 0),
(110, 1, 'Kenya', 'KEN', 'KE', 0, 1, '0000-00-00 00:00:00', 1, '0000-00-00 00:00:00', 0, '0000-00-00 00:00:00', 0),
(111, 1, 'Kiribati', 'KIR', 'KI', 0, 1, '0000-00-00 00:00:00', 1, '0000-00-00 00:00:00', 0, '0000-00-00 00:00:00', 0),
(112, 1, 'Korea, Democratic People''s Republic of', 'PRK', 'KP', 0, 1, '0000-00-00 00:00:00', 1, '0000-00-00 00:00:00', 0, '0000-00-00 00:00:00', 0),
(113, 1, 'Korea, Republic of', 'KOR', 'KR', 0, 1, '0000-00-00 00:00:00', 1, '0000-00-00 00:00:00', 0, '0000-00-00 00:00:00', 0),
(114, 1, 'Kuwait', 'KWT', 'KW', 0, 1, '0000-00-00 00:00:00', 1, '0000-00-00 00:00:00', 0, '0000-00-00 00:00:00', 0),
(115, 1, 'Kyrgyzstan', 'KGZ', 'KG', 0, 1, '0000-00-00 00:00:00', 1, '0000-00-00 00:00:00', 0, '0000-00-00 00:00:00', 0),
(116, 1, 'Lao People''s Democratic Republic', 'LAO', 'LA', 0, 1, '0000-00-00 00:00:00', 1, '0000-00-00 00:00:00', 0, '0000-00-00 00:00:00', 0),
(117, 1, 'Latvia', 'LVA', 'LV', 0, 1, '0000-00-00 00:00:00', 1, '0000-00-00 00:00:00', 0, '0000-00-00 00:00:00', 0),
(118, 1, 'Lebanon', 'LBN', 'LB', 0, 1, '0000-00-00 00:00:00', 1, '0000-00-00 00:00:00', 0, '0000-00-00 00:00:00', 0),
(119, 1, 'Lesotho', 'LSO', 'LS', 0, 1, '0000-00-00 00:00:00', 1, '0000-00-00 00:00:00', 0, '0000-00-00 00:00:00', 0),
(120, 1, 'Liberia', 'LBR', 'LR', 0, 1, '0000-00-00 00:00:00', 1, '0000-00-00 00:00:00', 0, '0000-00-00 00:00:00', 0),
(121, 1, 'Libyan Arab Jamahiriya', 'LBY', 'LY', 0, 1, '0000-00-00 00:00:00', 1, '0000-00-00 00:00:00', 0, '0000-00-00 00:00:00', 0),
(122, 1, 'Liechtenstein', 'LIE', 'LI', 0, 1, '0000-00-00 00:00:00', 1, '0000-00-00 00:00:00', 0, '0000-00-00 00:00:00', 0),
(123, 1, 'Lithuania', 'LTU', 'LT', 0, 1, '0000-00-00 00:00:00', 1, '0000-00-00 00:00:00', 0, '0000-00-00 00:00:00', 0),
(124, 1, 'Luxembourg', 'LUX', 'LU', 0, 1, '0000-00-00 00:00:00', 1, '0000-00-00 00:00:00', 0, '0000-00-00 00:00:00', 0),
(125, 1, 'Macau', 'MAC', 'MO', 0, 1, '0000-00-00 00:00:00', 1, '0000-00-00 00:00:00', 0, '0000-00-00 00:00:00', 0),
(126, 1, 'Macedonia, The Former Yugoslav Republic of', 'MKD', 'MK', 0, 1, '0000-00-00 00:00:00', 1, '0000-00-00 00:00:00', 0, '0000-00-00 00:00:00', 0),
(127, 1, 'Madagascar', 'MDG', 'MG', 0, 1, '0000-00-00 00:00:00', 1, '0000-00-00 00:00:00', 0, '0000-00-00 00:00:00', 0),
(128, 1, 'Malawi', 'MWI', 'MW', 0, 1, '0000-00-00 00:00:00', 1, '0000-00-00 00:00:00', 0, '0000-00-00 00:00:00', 0),
(129, 1, 'Malaysia', 'MYS', 'MY', 0, 1, '0000-00-00 00:00:00', 1, '0000-00-00 00:00:00', 0, '0000-00-00 00:00:00', 0),
(130, 1, 'Maldives', 'MDV', 'MV', 0, 1, '0000-00-00 00:00:00', 1, '0000-00-00 00:00:00', 0, '0000-00-00 00:00:00', 0),
(131, 1, 'Mali', 'MLI', 'ML', 0, 1, '0000-00-00 00:00:00', 1, '0000-00-00 00:00:00', 0, '0000-00-00 00:00:00', 0),
(132, 1, 'Malta', 'MLT', 'MT', 0, 1, '0000-00-00 00:00:00', 1, '0000-00-00 00:00:00', 0, '0000-00-00 00:00:00', 0),
(133, 1, 'Marshall Islands', 'MHL', 'MH', 0, 1, '0000-00-00 00:00:00', 1, '0000-00-00 00:00:00', 0, '0000-00-00 00:00:00', 0),
(134, 1, 'Martinique', 'MTQ', 'MQ', 0, 1, '0000-00-00 00:00:00', 1, '0000-00-00 00:00:00', 0, '0000-00-00 00:00:00', 0),
(135, 1, 'Mauritania', 'MRT', 'MR', 0, 1, '0000-00-00 00:00:00', 1, '0000-00-00 00:00:00', 0, '0000-00-00 00:00:00', 0),
(136, 1, 'Mauritius', 'MUS', 'MU', 0, 1, '0000-00-00 00:00:00', 1, '0000-00-00 00:00:00', 0, '0000-00-00 00:00:00', 0),
(137, 1, 'Mayotte', 'MYT', 'YT', 0, 1, '0000-00-00 00:00:00', 1, '0000-00-00 00:00:00', 0, '0000-00-00 00:00:00', 0),
(138, 1, 'Mexico', 'MEX', 'MX', 0, 1, '0000-00-00 00:00:00', 1, '0000-00-00 00:00:00', 0, '0000-00-00 00:00:00', 0),
(139, 1, 'Micronesia, Federated States of', 'FSM', 'FM', 0, 1, '0000-00-00 00:00:00', 1, '0000-00-00 00:00:00', 0, '0000-00-00 00:00:00', 0),
(140, 1, 'Moldova, Republic of', 'MDA', 'MD', 0, 1, '0000-00-00 00:00:00', 1, '0000-00-00 00:00:00', 0, '0000-00-00 00:00:00', 0),
(141, 1, 'Monaco', 'MCO', 'MC', 0, 1, '0000-00-00 00:00:00', 1, '0000-00-00 00:00:00', 0, '0000-00-00 00:00:00', 0),
(142, 1, 'Mongolia', 'MNG', 'MN', 0, 1, '0000-00-00 00:00:00', 1, '0000-00-00 00:00:00', 0, '0000-00-00 00:00:00', 0),
(143, 1, 'Montserrat', 'MSR', 'MS', 0, 1, '0000-00-00 00:00:00', 1, '0000-00-00 00:00:00', 0, '0000-00-00 00:00:00', 0),
(144, 1, 'Morocco', 'MAR', 'MA', 0, 1, '0000-00-00 00:00:00', 1, '0000-00-00 00:00:00', 0, '0000-00-00 00:00:00', 0),
(145, 1, 'Mozambique', 'MOZ', 'MZ', 0, 1, '0000-00-00 00:00:00', 1, '0000-00-00 00:00:00', 0, '0000-00-00 00:00:00', 0),
(146, 1, 'Myanmar', 'MMR', 'MM', 0, 1, '0000-00-00 00:00:00', 1, '0000-00-00 00:00:00', 0, '0000-00-00 00:00:00', 0),
(147, 1, 'Namibia', 'NAM', 'NA', 0, 1, '0000-00-00 00:00:00', 1, '0000-00-00 00:00:00', 0, '0000-00-00 00:00:00', 0),
(148, 1, 'Nauru', 'NRU', 'NR', 0, 1, '0000-00-00 00:00:00', 1, '0000-00-00 00:00:00', 0, '0000-00-00 00:00:00', 0),
(149, 1, 'Nepal', 'NPL', 'NP', 0, 1, '0000-00-00 00:00:00', 1, '0000-00-00 00:00:00', 0, '0000-00-00 00:00:00', 0),
(150, 1, 'Netherlands', 'NLD', 'NL', 0, 1, '0000-00-00 00:00:00', 1, '0000-00-00 00:00:00', 0, '0000-00-00 00:00:00', 0),
(151, 1, 'Netherlands Antilles', 'ANT', 'AN', 0, 1, '0000-00-00 00:00:00', 1, '0000-00-00 00:00:00', 0, '0000-00-00 00:00:00', 0),
(152, 1, 'New Caledonia', 'NCL', 'NC', 0, 1, '0000-00-00 00:00:00', 1, '0000-00-00 00:00:00', 0, '0000-00-00 00:00:00', 0),
(153, 1, 'New Zealand', 'NZL', 'NZ', 0, 1, '0000-00-00 00:00:00', 1, '0000-00-00 00:00:00', 0, '0000-00-00 00:00:00', 0),
(154, 1, 'Nicaragua', 'NIC', 'NI', 0, 1, '0000-00-00 00:00:00', 1, '0000-00-00 00:00:00', 0, '0000-00-00 00:00:00', 0),
(155, 1, 'Niger', 'NER', 'NE', 0, 1, '0000-00-00 00:00:00', 1, '0000-00-00 00:00:00', 0, '0000-00-00 00:00:00', 0),
(156, 1, 'Nigeria', 'NGA', 'NG', 0, 1, '0000-00-00 00:00:00', 1, '0000-00-00 00:00:00', 0, '0000-00-00 00:00:00', 0),
(157, 1, 'Niue', 'NIU', 'NU', 0, 1, '0000-00-00 00:00:00', 1, '0000-00-00 00:00:00', 0, '0000-00-00 00:00:00', 0),
(158, 1, 'Norfolk Island', 'NFK', 'NF', 0, 1, '0000-00-00 00:00:00', 1, '0000-00-00 00:00:00', 0, '0000-00-00 00:00:00', 0),
(159, 1, 'Northern Mariana Islands', 'MNP', 'MP', 0, 1, '0000-00-00 00:00:00', 1, '0000-00-00 00:00:00', 0, '0000-00-00 00:00:00', 0),
(160, 1, 'Norway', 'NOR', 'NO', 0, 1, '0000-00-00 00:00:00', 1, '0000-00-00 00:00:00', 0, '0000-00-00 00:00:00', 0),
(161, 1, 'Oman', 'OMN', 'OM', 0, 1, '0000-00-00 00:00:00', 1, '0000-00-00 00:00:00', 0, '0000-00-00 00:00:00', 0),
(162, 1, 'Pakistan', 'PAK', 'PK', 0, 1, '0000-00-00 00:00:00', 1, '0000-00-00 00:00:00', 0, '0000-00-00 00:00:00', 0),
(163, 1, 'Palau', 'PLW', 'PW', 0, 1, '0000-00-00 00:00:00', 1, '0000-00-00 00:00:00', 0, '0000-00-00 00:00:00', 0),
(164, 1, 'Panama', 'PAN', 'PA', 0, 1, '0000-00-00 00:00:00', 1, '0000-00-00 00:00:00', 0, '0000-00-00 00:00:00', 0),
(165, 1, 'Papua New Guinea', 'PNG', 'PG', 0, 1, '0000-00-00 00:00:00', 1, '0000-00-00 00:00:00', 0, '0000-00-00 00:00:00', 0),
(166, 1, 'Paraguay', 'PRY', 'PY', 0, 1, '0000-00-00 00:00:00', 1, '0000-00-00 00:00:00', 0, '0000-00-00 00:00:00', 0),
(167, 1, 'Peru', 'PER', 'PE', 0, 1, '0000-00-00 00:00:00', 1, '0000-00-00 00:00:00', 0, '0000-00-00 00:00:00', 0),
(168, 1, 'Philippines', 'PHL', 'PH', 0, 1, '0000-00-00 00:00:00', 1, '0000-00-00 00:00:00', 0, '0000-00-00 00:00:00', 0),
(169, 1, 'Pitcairn', 'PCN', 'PN', 0, 1, '0000-00-00 00:00:00', 1, '0000-00-00 00:00:00', 0, '0000-00-00 00:00:00', 0),
(170, 1, 'Poland', 'POL', 'PL', 0, 1, '0000-00-00 00:00:00', 1, '0000-00-00 00:00:00', 0, '0000-00-00 00:00:00', 0),
(171, 1, 'Portugal', 'PRT', 'PT', 0, 1, '0000-00-00 00:00:00', 1, '0000-00-00 00:00:00', 0, '0000-00-00 00:00:00', 0),
(172, 1, 'Puerto Rico', 'PRI', 'PR', 0, 1, '0000-00-00 00:00:00', 1, '0000-00-00 00:00:00', 0, '0000-00-00 00:00:00', 0),
(173, 1, 'Qatar', 'QAT', 'QA', 0, 1, '0000-00-00 00:00:00', 1, '0000-00-00 00:00:00', 0, '0000-00-00 00:00:00', 0),
(174, 1, 'Reunion', 'REU', 'RE', 0, 1, '0000-00-00 00:00:00', 1, '0000-00-00 00:00:00', 0, '0000-00-00 00:00:00', 0),
(175, 1, 'Romania', 'ROM', 'RO', 0, 1, '0000-00-00 00:00:00', 1, '0000-00-00 00:00:00', 0, '0000-00-00 00:00:00', 0),
(176, 1, 'Russian Federation', 'RUS', 'RU', 0, 1, '0000-00-00 00:00:00', 1, '0000-00-00 00:00:00', 0, '0000-00-00 00:00:00', 0),
(177, 1, 'Rwanda', 'RWA', 'RW', 0, 1, '0000-00-00 00:00:00', 1, '0000-00-00 00:00:00', 0, '0000-00-00 00:00:00', 0),
(178, 1, 'Saint Kitts and Nevis', 'KNA', 'KN', 0, 1, '0000-00-00 00:00:00', 1, '0000-00-00 00:00:00', 0, '0000-00-00 00:00:00', 0),
(179, 1, 'Saint Lucia', 'LCA', 'LC', 0, 1, '0000-00-00 00:00:00', 1, '0000-00-00 00:00:00', 0, '0000-00-00 00:00:00', 0),
(180, 1, 'Saint Vincent and the Grenadines', 'VCT', 'VC', 0, 1, '0000-00-00 00:00:00', 1, '0000-00-00 00:00:00', 0, '0000-00-00 00:00:00', 0),
(181, 1, 'Samoa', 'WSM', 'WS', 0, 1, '0000-00-00 00:00:00', 1, '0000-00-00 00:00:00', 0, '0000-00-00 00:00:00', 0),
(182, 1, 'San Marino', 'SMR', 'SM', 0, 1, '0000-00-00 00:00:00', 1, '0000-00-00 00:00:00', 0, '0000-00-00 00:00:00', 0),
(183, 1, 'Sao Tome and Principe', 'STP', 'ST', 0, 1, '0000-00-00 00:00:00', 1, '0000-00-00 00:00:00', 0, '0000-00-00 00:00:00', 0),
(184, 1, 'Saudi Arabia', 'SAU', 'SA', 0, 1, '0000-00-00 00:00:00', 1, '0000-00-00 00:00:00', 0, '0000-00-00 00:00:00', 0),
(185, 1, 'Senegal', 'SEN', 'SN', 0, 1, '0000-00-00 00:00:00', 1, '0000-00-00 00:00:00', 0, '0000-00-00 00:00:00', 0),
(186, 1, 'Seychelles', 'SYC', 'SC', 0, 1, '0000-00-00 00:00:00', 1, '0000-00-00 00:00:00', 0, '0000-00-00 00:00:00', 0),
(187, 1, 'Sierra Leone', 'SLE', 'SL', 0, 1, '0000-00-00 00:00:00', 1, '0000-00-00 00:00:00', 0, '0000-00-00 00:00:00', 0),
(188, 1, 'Singapore', 'SGP', 'SG', 0, 1, '0000-00-00 00:00:00', 1, '0000-00-00 00:00:00', 0, '0000-00-00 00:00:00', 0),
(189, 1, 'Slovakia', 'SVK', 'SK', 0, 1, '0000-00-00 00:00:00', 1, '0000-00-00 00:00:00', 0, '0000-00-00 00:00:00', 0),
(190, 1, 'Slovenia', 'SVN', 'SI', 0, 1, '0000-00-00 00:00:00', 1, '0000-00-00 00:00:00', 0, '0000-00-00 00:00:00', 0),
(191, 1, 'Solomon Islands', 'SLB', 'SB', 0, 1, '0000-00-00 00:00:00', 1, '0000-00-00 00:00:00', 0, '0000-00-00 00:00:00', 0),
(192, 1, 'Somalia', 'SOM', 'SO', 0, 1, '0000-00-00 00:00:00', 1, '0000-00-00 00:00:00', 0, '0000-00-00 00:00:00', 0),
(193, 1, 'South Africa', 'ZAF', 'ZA', 0, 1, '0000-00-00 00:00:00', 1, '0000-00-00 00:00:00', 0, '0000-00-00 00:00:00', 0),
(194, 1, 'South Georgia and the South Sandwich Islands', 'SGS', 'GS', 0, 1, '0000-00-00 00:00:00', 1, '0000-00-00 00:00:00', 0, '0000-00-00 00:00:00', 0),
(195, 1, 'Spain', 'ESP', 'ES', 0, 1, '0000-00-00 00:00:00', 1, '0000-00-00 00:00:00', 0, '0000-00-00 00:00:00', 0),
(196, 1, 'Sri Lanka', 'LKA', 'LK', 0, 1, '0000-00-00 00:00:00', 1, '0000-00-00 00:00:00', 0, '0000-00-00 00:00:00', 0),
(197, 1, 'St. Helena', 'SHN', 'SH', 0, 1, '0000-00-00 00:00:00', 1, '0000-00-00 00:00:00', 0, '0000-00-00 00:00:00', 0),
(198, 1, 'St. Pierre and Miquelon', 'SPM', 'PM', 0, 1, '0000-00-00 00:00:00', 1, '0000-00-00 00:00:00', 0, '0000-00-00 00:00:00', 0),
(199, 1, 'Sudan', 'SDN', 'SD', 0, 1, '0000-00-00 00:00:00', 1, '0000-00-00 00:00:00', 0, '0000-00-00 00:00:00', 0),
(200, 1, 'Suriname', 'SUR', 'SR', 0, 1, '0000-00-00 00:00:00', 1, '0000-00-00 00:00:00', 0, '0000-00-00 00:00:00', 0),
(201, 1, 'Svalbard and Jan Mayen Islands', 'SJM', 'SJ', 0, 1, '0000-00-00 00:00:00', 1, '0000-00-00 00:00:00', 0, '0000-00-00 00:00:00', 0),
(202, 1, 'Swaziland', 'SWZ', 'SZ', 0, 1, '0000-00-00 00:00:00', 1, '0000-00-00 00:00:00', 0, '0000-00-00 00:00:00', 0),
(203, 1, 'Sweden', 'SWE', 'SE', 0, 1, '0000-00-00 00:00:00', 1, '0000-00-00 00:00:00', 0, '0000-00-00 00:00:00', 0),
(204, 1, 'Switzerland', 'CHE', 'CH', 0, 1, '0000-00-00 00:00:00', 1, '0000-00-00 00:00:00', 0, '0000-00-00 00:00:00', 0),
(205, 1, 'Syrian Arab Republic', 'SYR', 'SY', 0, 1, '0000-00-00 00:00:00', 1, '0000-00-00 00:00:00', 0, '0000-00-00 00:00:00', 0),
(206, 1, 'Taiwan', 'TWN', 'TW', 0, 1, '0000-00-00 00:00:00', 1, '0000-00-00 00:00:00', 0, '0000-00-00 00:00:00', 0),
(207, 1, 'Tajikistan', 'TJK', 'TJ', 0, 1, '0000-00-00 00:00:00', 1, '0000-00-00 00:00:00', 0, '0000-00-00 00:00:00', 0),
(208, 1, 'Tanzania, United Republic of', 'TZA', 'TZ', 0, 1, '0000-00-00 00:00:00', 1, '0000-00-00 00:00:00', 0, '0000-00-00 00:00:00', 0),
(209, 1, 'Thailand', 'THA', 'TH', 0, 1, '0000-00-00 00:00:00', 1, '0000-00-00 00:00:00', 0, '0000-00-00 00:00:00', 0),
(210, 1, 'Togo', 'TGO', 'TG', 0, 1, '0000-00-00 00:00:00', 1, '0000-00-00 00:00:00', 0, '0000-00-00 00:00:00', 0),
(211, 1, 'Tokelau', 'TKL', 'TK', 0, 1, '0000-00-00 00:00:00', 1, '0000-00-00 00:00:00', 0, '0000-00-00 00:00:00', 0),
(212, 1, 'Tonga', 'TON', 'TO', 0, 1, '0000-00-00 00:00:00', 1, '0000-00-00 00:00:00', 0, '0000-00-00 00:00:00', 0),
(213, 1, 'Trinidad and Tobago', 'TTO', 'TT', 0, 1, '0000-00-00 00:00:00', 1, '0000-00-00 00:00:00', 0, '0000-00-00 00:00:00', 0),
(214, 1, 'Tunisia', 'TUN', 'TN', 0, 1, '0000-00-00 00:00:00', 1, '0000-00-00 00:00:00', 0, '0000-00-00 00:00:00', 0),
(215, 1, 'Turkey', 'TUR', 'TR', 0, 1, '0000-00-00 00:00:00', 1, '0000-00-00 00:00:00', 0, '0000-00-00 00:00:00', 0),
(216, 1, 'Turkmenistan', 'TKM', 'TM', 0, 1, '0000-00-00 00:00:00', 1, '0000-00-00 00:00:00', 0, '0000-00-00 00:00:00', 0),
(217, 1, 'Turks and Caicos Islands', 'TCA', 'TC', 0, 1, '0000-00-00 00:00:00', 1, '0000-00-00 00:00:00', 0, '0000-00-00 00:00:00', 0),
(218, 1, 'Tuvalu', 'TUV', 'TV', 0, 1, '0000-00-00 00:00:00', 1, '0000-00-00 00:00:00', 0, '0000-00-00 00:00:00', 0),
(219, 1, 'Uganda', 'UGA', 'UG', 0, 1, '0000-00-00 00:00:00', 1, '0000-00-00 00:00:00', 0, '0000-00-00 00:00:00', 0),
(220, 1, 'Ukraine', 'UKR', 'UA', 0, 1, '0000-00-00 00:00:00', 1, '0000-00-00 00:00:00', 0, '0000-00-00 00:00:00', 0),
(221, 1, 'United Arab Emirates', 'ARE', 'AE', 0, 1, '0000-00-00 00:00:00', 1, '0000-00-00 00:00:00', 0, '0000-00-00 00:00:00', 0),
(222, 1, 'United Kingdom', 'GBR', 'GB', 0, 1, '0000-00-00 00:00:00', 1, '0000-00-00 00:00:00', 0, '0000-00-00 00:00:00', 0),
(223, 1, 'United States', 'USA', 'US', 0, 1, '0000-00-00 00:00:00', 1, '0000-00-00 00:00:00', 0, '0000-00-00 00:00:00', 0),
(224, 1, 'United States Minor Outlying Islands', 'UMI', 'UM', 0, 1, '0000-00-00 00:00:00', 1, '0000-00-00 00:00:00', 0, '0000-00-00 00:00:00', 0),
(225, 1, 'Uruguay', 'URY', 'UY', 0, 1, '0000-00-00 00:00:00', 1, '0000-00-00 00:00:00', 0, '0000-00-00 00:00:00', 0),
(226, 1, 'Uzbekistan', 'UZB', 'UZ', 0, 1, '0000-00-00 00:00:00', 1, '0000-00-00 00:00:00', 0, '0000-00-00 00:00:00', 0),
(227, 1, 'Vanuatu', 'VUT', 'VU', 0, 1, '0000-00-00 00:00:00', 1, '0000-00-00 00:00:00', 0, '0000-00-00 00:00:00', 0),
(228, 1, 'Vatican City State (Holy See)', 'VAT', 'VA', 0, 1, '0000-00-00 00:00:00', 1, '0000-00-00 00:00:00', 0, '0000-00-00 00:00:00', 0),
(229, 1, 'Venezuela', 'VEN', 'VE', 0, 1, '0000-00-00 00:00:00', 1, '0000-00-00 00:00:00', 0, '0000-00-00 00:00:00', 0),
(230, 1, 'Viet Nam', 'VNM', 'VN', 0, 1, '0000-00-00 00:00:00', 1, '0000-00-00 00:00:00', 0, '0000-00-00 00:00:00', 0),
(231, 1, 'Virgin Islands (British)', 'VGB', 'VG', 0, 1, '0000-00-00 00:00:00', 1, '0000-00-00 00:00:00', 0, '0000-00-00 00:00:00', 0),
(232, 1, 'Virgin Islands (U.S.)', 'VIR', 'VI', 0, 1, '0000-00-00 00:00:00', 1, '0000-00-00 00:00:00', 0, '0000-00-00 00:00:00', 0),
(233, 1, 'Wallis and Futuna Islands', 'WLF', 'WF', 0, 1, '0000-00-00 00:00:00', 1, '0000-00-00 00:00:00', 0, '0000-00-00 00:00:00', 0),
(234, 1, 'Western Sahara', 'ESH', 'EH', 0, 1, '0000-00-00 00:00:00', 1, '0000-00-00 00:00:00', 0, '0000-00-00 00:00:00', 0),
(235, 1, 'Yemen', 'YEM', 'YE', 0, 1, '0000-00-00 00:00:00', 1, '0000-00-00 00:00:00', 0, '0000-00-00 00:00:00', 0),
(237, 1, 'The Democratic Republic of Congo', 'DRC', 'DC', 0, 1, '0000-00-00 00:00:00', 1, '0000-00-00 00:00:00', 0, '0000-00-00 00:00:00', 0),
(238, 1, 'Zambia', 'ZMB', 'ZM', 0, 1, '0000-00-00 00:00:00', 1, '0000-00-00 00:00:00', 0, '0000-00-00 00:00:00', 0),
(239, 1, 'Zimbabwe', 'ZWE', 'ZW', 0, 1, '0000-00-00 00:00:00', 1, '0000-00-00 00:00:00', 0, '0000-00-00 00:00:00', 0),
(240, 1, 'East Timor', 'XET', 'XE', 0, 1, '0000-00-00 00:00:00', 1, '0000-00-00 00:00:00', 0, '0000-00-00 00:00:00', 0),
(241, 1, 'Jersey', 'XJE', 'XJ', 0, 1, '0000-00-00 00:00:00', 1, '0000-00-00 00:00:00', 0, '0000-00-00 00:00:00', 0),
(242, 1, 'St. Barthelemy', 'XSB', 'XB', 0, 1, '0000-00-00 00:00:00', 1, '0000-00-00 00:00:00', 0, '0000-00-00 00:00:00', 0),
(243, 1, 'St. Eustatius', 'XSE', 'XU', 0, 1, '0000-00-00 00:00:00', 1, '0000-00-00 00:00:00', 0, '0000-00-00 00:00:00', 0),
(244, 1, 'Canary Islands', 'XCA', 'XC', 0, 1, '0000-00-00 00:00:00', 1, '0000-00-00 00:00:00', 0, '0000-00-00 00:00:00', 0),
(245, 1, 'Serbia', 'SRB', 'RS', 0, 1, '0000-00-00 00:00:00', 1, '0000-00-00 00:00:00', 0, '0000-00-00 00:00:00', 0),
(246, 1, 'Sint Maarten (French Antilles)', 'MAF', 'MF', 0, 1, '0000-00-00 00:00:00', 1, '0000-00-00 00:00:00', 0, '0000-00-00 00:00:00', 0),
(247, 1, 'Sint Maarten (Netherlands Antilles)', 'SXM', 'SX', 0, 1, '0000-00-00 00:00:00', 1, '0000-00-00 00:00:00', 0, '0000-00-00 00:00:00', 0),
(248, 1, 'Palestinian Territory, occupied', 'PSE', 'PS', 0, 1, '0000-00-00 00:00:00', 1, '0000-00-00 00:00:00', 0, '0000-00-00 00:00:00', 0);

-- --------------------------------------------------------

--
-- Table structure for table `os_currency`
--

DROP TABLE IF EXISTS `os_currency`;
CREATE TABLE IF NOT EXISTS `os_currency` (
  `id` smallint(1) unsigned NOT NULL AUTO_INCREMENT,
  `currency_name` char(64) DEFAULT NULL,
  `currency_code_2` char(2) DEFAULT NULL,
  `currency_code_3` char(3) DEFAULT NULL,
  `currency_numeric_code` int(4) DEFAULT NULL,
  `currency_exchange_rate` decimal(10,5) DEFAULT NULL,
  `currency_symbol` char(4) DEFAULT NULL,
  `currency_decimal_place` char(4) DEFAULT NULL,
  `currency_decimal_symbol` char(4) DEFAULT NULL,
  `currency_thousands` char(4) DEFAULT NULL,
  `ordering` int(2) NOT NULL DEFAULT '0',
  `published` tinyint(1) NOT NULL DEFAULT '1',
  `created_on` datetime NOT NULL DEFAULT '0000-00-00 00:00:00',
  `created_by` int(11) NOT NULL DEFAULT '0',
  `modified_on` datetime NOT NULL DEFAULT '0000-00-00 00:00:00',
  `modified_by` int(11) NOT NULL DEFAULT '0',
  `locked_on` datetime NOT NULL DEFAULT '0000-00-00 00:00:00',
  `locked_by` int(11) NOT NULL DEFAULT '0',
  PRIMARY KEY (`id`),
  KEY `idx_currency_code_3` (`currency_code_3`),
  KEY `idx_currency_numeric_code` (`currency_numeric_code`)
) ENGINE=MyISAM  DEFAULT CHARSET=utf8 COMMENT='Used to store currencies' AUTO_INCREMENT=204 ;

--
-- Dumping data for table `os_currency`
--

INSERT INTO `os_currency` (`id`, `currency_name`, `currency_code_2`, `currency_code_3`, `currency_numeric_code`, `currency_exchange_rate`, `currency_symbol`, `currency_decimal_place`, `currency_decimal_symbol`, `currency_thousands`, `ordering`, `published`, `created_on`, `created_by`, `modified_on`, `modified_by`, `locked_on`, `locked_by`) VALUES
(2, 'United Arab Emirates dirham', '', 'AED', 784, 0.00000, 'د.إ', '2', ',', '', 0, 1, '0000-00-00 00:00:00', 0, '2013-03-18 00:00:00', 1, '2013-03-18 00:00:00', 1),
(4, 'Albanian lek', '', 'ALL', 8, 0.00000, 'Lek', '2', ',', '', 0, 1, '0000-00-00 00:00:00', 0, '0000-00-00 00:00:00', 0, '0000-00-00 00:00:00', 0),
(5, 'Netherlands Antillean gulden', '', 'ANG', 532, 0.00000, 'ƒ', '2', ',', '', 0, 1, '0000-00-00 00:00:00', 0, '0000-00-00 00:00:00', 0, '0000-00-00 00:00:00', 0),
(7, 'Argentine peso', '', 'ARS', 32, 0.00000, '$', '2', ',', '', 0, 1, '0000-00-00 00:00:00', 0, '0000-00-00 00:00:00', 0, '0000-00-00 00:00:00', 0),
(9, 'Australian dollar', '', 'AUD', 36, 0.00000, '$', '2', ',', '', 0, 1, '0000-00-00 00:00:00', 0, '0000-00-00 00:00:00', 0, '0000-00-00 00:00:00', 0),
(10, 'Aruban florin', '', 'AWG', 533, 0.00000, 'ƒ', '2', ',', '', 0, 1, '0000-00-00 00:00:00', 0, '0000-00-00 00:00:00', 0, '0000-00-00 00:00:00', 0),
(11, 'Barbadian dollar', '', 'BBD', 52, 0.00000, '$', '2', ',', '', 0, 1, '0000-00-00 00:00:00', 0, '0000-00-00 00:00:00', 0, '0000-00-00 00:00:00', 0),
(12, 'Bangladeshi taka', '', 'BDT', 50, 0.00000, '৳', '2', ',', '', 0, 1, '0000-00-00 00:00:00', 0, '0000-00-00 00:00:00', 0, '0000-00-00 00:00:00', 0),
(15, 'Bahraini dinar', '', 'BHD', 48, 0.00000, 'ب.د', '2', ',', '', 0, 1, '0000-00-00 00:00:00', 0, '0000-00-00 00:00:00', 0, '0000-00-00 00:00:00', 0),
(16, 'Burundian franc', '', 'BIF', 108, 0.00000, 'Fr', '0', '', '', 0, 1, '0000-00-00 00:00:00', 0, '0000-00-00 00:00:00', 0, '0000-00-00 00:00:00', 0),
(17, 'Bermudian dollar', '', 'BMD', 60, 0.00000, '$', '2', ',', '', 0, 1, '0000-00-00 00:00:00', 0, '0000-00-00 00:00:00', 0, '0000-00-00 00:00:00', 0),
(18, 'Brunei dollar', '', 'BND', 96, 0.00000, '$', '2', ',', '', 0, 1, '0000-00-00 00:00:00', 0, '0000-00-00 00:00:00', 0, '0000-00-00 00:00:00', 0),
(19, 'Bolivian boliviano', '', 'BOB', 68, 0.00000, '$b', '2', ',', '', 0, 1, '0000-00-00 00:00:00', 0, '0000-00-00 00:00:00', 0, '0000-00-00 00:00:00', 0),
(20, 'Brazilian real', '', 'BRL', 986, 0.00000, 'R$', '2', '.', ',', 0, 1, '0000-00-00 00:00:00', 0, '0000-00-00 00:00:00', 0, '0000-00-00 00:00:00', 0),
(21, 'Bahamian dollar', '', 'BSD', 44, 0.00000, '$', '2', ',', '', 0, 1, '0000-00-00 00:00:00', 0, '0000-00-00 00:00:00', 0, '0000-00-00 00:00:00', 0),
(22, 'Bhutanese ngultrum', '', 'BTN', 64, 0.00000, 'BTN', '2', ',', '', 0, 1, '0000-00-00 00:00:00', 0, '0000-00-00 00:00:00', 0, '0000-00-00 00:00:00', 0),
(24, 'Botswana pula', '', 'BWP', 72, 0.00000, 'P', '2', ',', '', 0, 1, '0000-00-00 00:00:00', 0, '0000-00-00 00:00:00', 0, '0000-00-00 00:00:00', 0),
(25, 'Belize dollar', '', 'BZD', 84, 0.00000, 'BZ$', '2', ',', '', 0, 1, '0000-00-00 00:00:00', 0, '0000-00-00 00:00:00', 0, '0000-00-00 00:00:00', 0),
(26, 'Canadian dollar', '', 'CAD', 124, 0.00000, '$', '2', '.', ',', 0, 1, '0000-00-00 00:00:00', 0, '0000-00-00 00:00:00', 0, '0000-00-00 00:00:00', 0),
(27, 'Swiss franc', '', 'CHF', 756, 0.00000, 'CHF', '2', ',', '', 0, 1, '0000-00-00 00:00:00', 0, '0000-00-00 00:00:00', 0, '0000-00-00 00:00:00', 0),
(28, 'Unidad de Fomento', '', 'CLF', 990, 0.00000, 'CLF', '0', ',', '', 0, 1, '0000-00-00 00:00:00', 0, '0000-00-00 00:00:00', 0, '0000-00-00 00:00:00', 0),
(29, 'Chilean peso', '', 'CLP', 152, 0.00000, '$', '2', ',', '', 0, 1, '0000-00-00 00:00:00', 0, '0000-00-00 00:00:00', 0, '0000-00-00 00:00:00', 0),
(30, 'Chinese renminbi yuan', '', 'CNY', 156, 0.00000, '元', '2', ',', '', 0, 1, '0000-00-00 00:00:00', 0, '0000-00-00 00:00:00', 0, '0000-00-00 00:00:00', 0),
(31, 'Colombian peso', '', 'COP', 170, 0.00000, '$', '2', ',', '', 0, 1, '0000-00-00 00:00:00', 0, '0000-00-00 00:00:00', 0, '0000-00-00 00:00:00', 0),
(32, 'Costa Rican colón', '', 'CRC', 188, 0.00000, '₡', '2', ',', '', 0, 1, '0000-00-00 00:00:00', 0, '0000-00-00 00:00:00', 0, '0000-00-00 00:00:00', 0),
(33, 'Czech koruna', '', 'CZK', 203, 0.00000, 'Kč', '2', ',', '', 0, 1, '0000-00-00 00:00:00', 0, '0000-00-00 00:00:00', 0, '0000-00-00 00:00:00', 0),
(34, 'Cuban peso', '', 'CUP', 192, 0.00000, '₱', '2', ',', '', 0, 1, '0000-00-00 00:00:00', 0, '0000-00-00 00:00:00', 0, '0000-00-00 00:00:00', 0),
(35, 'Cape Verdean escudo', '', 'CVE', 132, 0.00000, '$', '0', '', '', 0, 1, '0000-00-00 00:00:00', 0, '0000-00-00 00:00:00', 0, '0000-00-00 00:00:00', 0),
(40, 'Danish krone', '', 'DKK', 208, 0.00000, 'kr', '2', '.', ',', 0, 1, '0000-00-00 00:00:00', 0, '0000-00-00 00:00:00', 0, '0000-00-00 00:00:00', 0),
(41, 'Dominican peso', '', 'DOP', 214, 0.00000, 'RD$', '2', ',', '', 0, 1, '0000-00-00 00:00:00', 0, '0000-00-00 00:00:00', 0, '0000-00-00 00:00:00', 0),
(42, 'Algerian dinar', '', 'DZD', 12, 0.00000, 'د.ج', '2', ',', '', 0, 1, '0000-00-00 00:00:00', 0, '0000-00-00 00:00:00', 0, '0000-00-00 00:00:00', 0),
(44, 'Egyptian pound', '', 'EGP', 818, 0.00000, '£', '2', ',', '', 0, 1, '0000-00-00 00:00:00', 0, '0000-00-00 00:00:00', 0, '0000-00-00 00:00:00', 0),
(46, 'Ethiopian birr', '', 'ETB', 230, 0.00000, 'ETB', '2', ',', '', 0, 1, '0000-00-00 00:00:00', 0, '0000-00-00 00:00:00', 0, '0000-00-00 00:00:00', 0),
(47, 'Euro', '', 'EUR', 978, 0.00000, '€', '2', ',', '', 0, 1, '0000-00-00 00:00:00', 0, '0000-00-00 00:00:00', 0, '0000-00-00 00:00:00', 0),
(49, 'Fijian dollar', '', 'FJD', 242, 0.00000, '$', '2', ',', '', 0, 1, '0000-00-00 00:00:00', 0, '0000-00-00 00:00:00', 0, '0000-00-00 00:00:00', 0),
(50, 'Falkland pound', '', 'FKP', 238, 0.00000, '£', '2', ',', '', 0, 1, '0000-00-00 00:00:00', 0, '0000-00-00 00:00:00', 0, '0000-00-00 00:00:00', 0),
(52, 'British pound', '', 'GBP', 826, 0.00000, '£', '2', '.', ',', 0, 1, '0000-00-00 00:00:00', 0, '0000-00-00 00:00:00', 0, '0000-00-00 00:00:00', 0),
(54, 'Gibraltar pound', '', 'GIP', 292, 0.00000, '£', '2', ',', '', 0, 1, '0000-00-00 00:00:00', 0, '0000-00-00 00:00:00', 0, '0000-00-00 00:00:00', 0),
(55, 'Gambian dalasi', '', 'GMD', 270, 0.00000, 'D', '2', ',', '', 0, 1, '0000-00-00 00:00:00', 0, '0000-00-00 00:00:00', 0, '0000-00-00 00:00:00', 0),
(56, 'Guinean franc', '', 'GNF', 324, 0.00000, 'Fr', '0', '', '', 0, 1, '0000-00-00 00:00:00', 0, '0000-00-00 00:00:00', 0, '0000-00-00 00:00:00', 0),
(58, 'Guatemalan quetzal', '', 'GTQ', 320, 0.00000, 'Q', '2', ',', '', 0, 1, '0000-00-00 00:00:00', 0, '0000-00-00 00:00:00', 0, '0000-00-00 00:00:00', 0),
(60, 'Guyanese dollar', '', 'GYD', 328, 0.00000, '$', '2', ',', '', 0, 1, '0000-00-00 00:00:00', 0, '0000-00-00 00:00:00', 0, '0000-00-00 00:00:00', 0),
(61, 'Hong Kong dollar', '', 'HKD', 344, 0.00000, '元', '2', ',', '', 0, 1, '0000-00-00 00:00:00', 0, '0000-00-00 00:00:00', 0, '0000-00-00 00:00:00', 0),
(62, 'Honduran lempira', '', 'HNL', 340, 0.00000, 'L', '2', ',', '', 0, 1, '0000-00-00 00:00:00', 0, '0000-00-00 00:00:00', 0, '0000-00-00 00:00:00', 0),
(63, 'Haitian gourde', '', 'HTG', 332, 0.00000, 'G', '2', ',', '', 0, 1, '0000-00-00 00:00:00', 0, '0000-00-00 00:00:00', 0, '0000-00-00 00:00:00', 0),
(64, 'Hungarian forint', '', 'HUF', 348, 0.00000, 'Ft', '2', ',', '', 0, 1, '0000-00-00 00:00:00', 0, '0000-00-00 00:00:00', 0, '0000-00-00 00:00:00', 0),
(65, 'Indonesian rupiah', '', 'IDR', 360, 0.00000, 'Rp', '0', '', '', 0, 1, '0000-00-00 00:00:00', 0, '0000-00-00 00:00:00', 0, '0000-00-00 00:00:00', 0),
(67, 'Israeli new sheqel', '', 'ILS', 376, 0.00000, '₪', '2', ',', '', 0, 1, '0000-00-00 00:00:00', 0, '0000-00-00 00:00:00', 0, '0000-00-00 00:00:00', 0),
(68, 'Indian rupee', '', 'INR', 356, 0.00000, '₨', '2', ',', '', 0, 1, '0000-00-00 00:00:00', 0, '0000-00-00 00:00:00', 0, '0000-00-00 00:00:00', 0),
(69, 'Iraqi dinar', '', 'IQD', 368, 0.00000, 'ع.د', '0', '', '', 0, 1, '0000-00-00 00:00:00', 0, '0000-00-00 00:00:00', 0, '0000-00-00 00:00:00', 0),
(70, 'Iranian rial', '', 'IRR', 364, 0.00000, '﷼', '2', ',', '', 0, 1, '0000-00-00 00:00:00', 0, '0000-00-00 00:00:00', 0, '0000-00-00 00:00:00', 0),
(73, 'Jamaican dollar', '', 'JMD', 388, 0.00000, 'J$', '2', ',', '', 0, 1, '0000-00-00 00:00:00', 0, '0000-00-00 00:00:00', 0, '0000-00-00 00:00:00', 0),
(74, 'Jordanian dinar', '', 'JOD', 400, 0.00000, 'د.ا', '2', ',', '', 0, 1, '0000-00-00 00:00:00', 0, '0000-00-00 00:00:00', 0, '0000-00-00 00:00:00', 0),
(75, 'Japanese yen', '', 'JPY', 392, 0.00000, '¥', '2', ',', '', 0, 1, '0000-00-00 00:00:00', 0, '0000-00-00 00:00:00', 0, '0000-00-00 00:00:00', 0),
(76, 'Kenyan shilling', '', 'KES', 404, 0.00000, 'Sh', '2', ',', '', 0, 1, '0000-00-00 00:00:00', 0, '0000-00-00 00:00:00', 0, '0000-00-00 00:00:00', 0),
(77, 'Cambodian riel', '', 'KHR', 116, 0.00000, '៛', '2', ',', '', 0, 1, '0000-00-00 00:00:00', 0, '0000-00-00 00:00:00', 0, '0000-00-00 00:00:00', 0),
(78, 'Comorian franc', '', 'KMF', 174, 0.00000, 'Fr', '0', '', '', 0, 1, '0000-00-00 00:00:00', 0, '0000-00-00 00:00:00', 0, '0000-00-00 00:00:00', 0),
(79, 'North Korean won', '', 'KPW', 408, 0.00000, '₩', '0', '', '', 0, 1, '0000-00-00 00:00:00', 0, '0000-00-00 00:00:00', 0, '0000-00-00 00:00:00', 0),
(80, 'South Korean won', '', 'KRW', 410, 0.00000, '₩', '0', '', '', 0, 1, '0000-00-00 00:00:00', 0, '0000-00-00 00:00:00', 0, '0000-00-00 00:00:00', 0),
(81, 'Kuwaiti dinar', '', 'KWD', 414, 0.00000, 'د.ك', '2', ',', '', 0, 1, '0000-00-00 00:00:00', 0, '0000-00-00 00:00:00', 0, '0000-00-00 00:00:00', 0),
(82, 'Cayman Islands dollar', '', 'KYD', 136, 0.00000, '$', '2', ',', '', 0, 1, '0000-00-00 00:00:00', 0, '0000-00-00 00:00:00', 0, '0000-00-00 00:00:00', 0),
(83, 'Lao kip', '', 'LAK', 418, 0.00000, '₭', '0', '', '', 0, 1, '0000-00-00 00:00:00', 0, '0000-00-00 00:00:00', 0, '0000-00-00 00:00:00', 0),
(84, 'Lebanese pound', '', 'LBP', 422, 0.00000, '£', '0', '', '', 0, 1, '0000-00-00 00:00:00', 0, '0000-00-00 00:00:00', 0, '0000-00-00 00:00:00', 0),
(85, 'Sri Lankan rupee', '', 'LKR', 144, 0.00000, '₨', '2', ',', '', 0, 1, '0000-00-00 00:00:00', 0, '0000-00-00 00:00:00', 0, '0000-00-00 00:00:00', 0),
(86, 'Liberian dollar', '', 'LRD', 430, 0.00000, '$', '2', ',', '', 0, 1, '0000-00-00 00:00:00', 0, '0000-00-00 00:00:00', 0, '0000-00-00 00:00:00', 0),
(87, 'Lesotho loti', '', 'LSL', 426, 0.00000, 'L', '2', ',', '', 0, 1, '0000-00-00 00:00:00', 0, '0000-00-00 00:00:00', 0, '0000-00-00 00:00:00', 0),
(89, 'Libyan dinar', '', 'LYD', 434, 0.00000, 'ل.د', '3', ',', '', 0, 1, '0000-00-00 00:00:00', 0, '0000-00-00 00:00:00', 0, '0000-00-00 00:00:00', 0),
(90, 'Moroccan dirham', '', 'MAD', 504, 0.00000, 'د.م.', '2', ',', '', 0, 1, '0000-00-00 00:00:00', 0, '0000-00-00 00:00:00', 0, '0000-00-00 00:00:00', 0),
(92, 'Mongolian tögrög', '', 'MNT', 496, 0.00000, '₮', '2', ',', '', 0, 1, '0000-00-00 00:00:00', 0, '0000-00-00 00:00:00', 0, '0000-00-00 00:00:00', 0),
(93, 'Macanese pataca', '', 'MOP', 446, 0.00000, 'P', '1', ',', '', 0, 1, '0000-00-00 00:00:00', 0, '0000-00-00 00:00:00', 0, '0000-00-00 00:00:00', 0),
(94, 'Mauritanian ouguiya', '', 'MRO', 478, 0.00000, 'UM', '2', ',', '', 0, 1, '0000-00-00 00:00:00', 0, '0000-00-00 00:00:00', 0, '0000-00-00 00:00:00', 0),
(96, 'Mauritian rupee', '', 'MUR', 480, 0.00000, '₨', '2', ',', '', 0, 1, '0000-00-00 00:00:00', 0, '0000-00-00 00:00:00', 0, '0000-00-00 00:00:00', 0),
(97, 'Maldivian rufiyaa', '', 'MVR', 462, 0.00000, 'ރ.', '2', ',', '', 0, 1, '0000-00-00 00:00:00', 0, '0000-00-00 00:00:00', 0, '0000-00-00 00:00:00', 0),
(98, 'Malawian kwacha', '', 'MWK', 454, 0.00000, 'MK', '2', ',', '', 0, 1, '0000-00-00 00:00:00', 0, '0000-00-00 00:00:00', 0, '0000-00-00 00:00:00', 0),
(100, 'Malaysian ringgit', '', 'MYR', 458, 0.00000, 'RM', '2', ',', '', 0, 1, '0000-00-00 00:00:00', 0, '0000-00-00 00:00:00', 0, '0000-00-00 00:00:00', 0),
(102, 'Nigerian naira', '', 'NGN', 566, 0.00000, '₦', '2', ',', '', 0, 1, '0000-00-00 00:00:00', 0, '0000-00-00 00:00:00', 0, '0000-00-00 00:00:00', 0),
(105, 'Norwegian krone', '', 'NOK', 578, 0.00000, 'kr', '2', ',', '', 0, 1, '0000-00-00 00:00:00', 0, '0000-00-00 00:00:00', 0, '0000-00-00 00:00:00', 0),
(106, 'Nepalese rupee', '', 'NPR', 524, 0.00000, '₨', '2', ',', '', 0, 1, '0000-00-00 00:00:00', 0, '0000-00-00 00:00:00', 0, '0000-00-00 00:00:00', 0),
(107, 'New Zealand dollar', '', 'NZD', 554, 0.00000, '$', '2', ',', '', 0, 1, '0000-00-00 00:00:00', 0, '0000-00-00 00:00:00', 0, '0000-00-00 00:00:00', 0),
(108, 'Omani rial', '', 'OMR', 512, 0.00000, '﷼', '3', '.', '', 0, 1, '0000-00-00 00:00:00', 0, '0000-00-00 00:00:00', 0, '0000-00-00 00:00:00', 0),
(109, 'Panamanian balboa', '', 'PAB', 590, 0.00000, 'B/.', '2', ',', '', 0, 1, '0000-00-00 00:00:00', 0, '0000-00-00 00:00:00', 0, '0000-00-00 00:00:00', 0),
(110, 'Peruvian nuevo sol', '', 'PEN', 604, 0.00000, 'S/.', '2', ',', '', 0, 1, '0000-00-00 00:00:00', 0, '0000-00-00 00:00:00', 0, '0000-00-00 00:00:00', 0),
(111, 'Papua New Guinean kina', '', 'PGK', 598, 0.00000, 'K', '2', ',', '', 0, 1, '0000-00-00 00:00:00', 0, '0000-00-00 00:00:00', 0, '0000-00-00 00:00:00', 0),
(112, 'Philippine peso', '', 'PHP', 608, 0.00000, '₱', '2', ',', '', 0, 1, '0000-00-00 00:00:00', 0, '0000-00-00 00:00:00', 0, '0000-00-00 00:00:00', 0),
(113, 'Pakistani rupee', '', 'PKR', 586, 0.00000, '₨', '2', ',', '', 0, 1, '0000-00-00 00:00:00', 0, '0000-00-00 00:00:00', 0, '0000-00-00 00:00:00', 0),
(114, 'Polish Złoty', '', 'PLN', 985, 0.00000, 'zł', '2', ',', '', 0, 1, '0000-00-00 00:00:00', 0, '0000-00-00 00:00:00', 0, '0000-00-00 00:00:00', 0),
(116, 'Paraguayan guaraní', '', 'PYG', 600, 0.00000, '₲', '0', '', '.', 0, 1, '0000-00-00 00:00:00', 0, '0000-00-00 00:00:00', 0, '0000-00-00 00:00:00', 0),
(117, 'Qatari riyal', '', 'QAR', 634, 0.00000, '﷼', '2', ',', '', 0, 1, '0000-00-00 00:00:00', 0, '0000-00-00 00:00:00', 0, '0000-00-00 00:00:00', 0),
(118, 'Romanian leu', '', 'RON', 946, 0.00000, 'lei', '2', ',', '.', 0, 1, '0000-00-00 00:00:00', 0, '0000-00-00 00:00:00', 0, '0000-00-00 00:00:00', 0),
(119, 'Rwandan franc', '', 'RWF', 646, 0.00000, 'Fr', '2', ',', '', 0, 1, '0000-00-00 00:00:00', 0, '0000-00-00 00:00:00', 0, '0000-00-00 00:00:00', 0),
(120, 'Saudi riyal', '', 'SAR', 682, 0.00000, '﷼', '2', ',', '', 0, 1, '0000-00-00 00:00:00', 0, '0000-00-00 00:00:00', 0, '0000-00-00 00:00:00', 0),
(121, 'Solomon Islands dollar', '', 'SBD', 90, 0.00000, '$', '2', ',', '', 0, 1, '0000-00-00 00:00:00', 0, '0000-00-00 00:00:00', 0, '0000-00-00 00:00:00', 0),
(122, 'Seychellois rupee', '', 'SCR', 690, 0.00000, '₨', '2', ',', '', 0, 1, '0000-00-00 00:00:00', 0, '0000-00-00 00:00:00', 0, '0000-00-00 00:00:00', 0),
(124, 'Swedish krona', '', 'SEK', 752, 0.00000, 'kr', '2', ',', '.', 0, 1, '0000-00-00 00:00:00', 0, '0000-00-00 00:00:00', 0, '0000-00-00 00:00:00', 0),
(125, 'Singapore dollar', '', 'SGD', 702, 0.00000, '$', '2', ',', '', 0, 1, '0000-00-00 00:00:00', 0, '0000-00-00 00:00:00', 0, '0000-00-00 00:00:00', 0),
(126, 'Saint Helenian pound', '', 'SHP', 654, 0.00000, '£', '2', ',', '', 0, 1, '0000-00-00 00:00:00', 0, '0000-00-00 00:00:00', 0, '0000-00-00 00:00:00', 0),
(127, 'Sierra Leonean leone', '', 'SLL', 694, 0.00000, 'Le', '2', ',', '', 0, 1, '0000-00-00 00:00:00', 0, '0000-00-00 00:00:00', 0, '0000-00-00 00:00:00', 0),
(128, 'Somali shilling', '', 'SOS', 706, 0.00000, 'S', '2', ',', '', 0, 1, '0000-00-00 00:00:00', 0, '0000-00-00 00:00:00', 0, '0000-00-00 00:00:00', 0),
(130, 'São Tomé and Príncipe dobra', '', 'STD', 678, 0.00000, 'Db', '0', '', '', 0, 1, '0000-00-00 00:00:00', 0, '0000-00-00 00:00:00', 0, '0000-00-00 00:00:00', 0),
(131, 'Russian ruble', '', 'RUB', 643, 0.00000, 'руб', '2', ',', '', 0, 1, '0000-00-00 00:00:00', 0, '0000-00-00 00:00:00', 0, '0000-00-00 00:00:00', 0),
(132, 'Salvadoran colón', '', 'SVC', 222, 0.00000, '$', '2', ',', '', 0, 1, '0000-00-00 00:00:00', 0, '0000-00-00 00:00:00', 0, '0000-00-00 00:00:00', 0),
(133, 'Syrian pound', '', 'SYP', 760, 0.00000, '£', '2', ',', '', 0, 1, '0000-00-00 00:00:00', 0, '0000-00-00 00:00:00', 0, '0000-00-00 00:00:00', 0),
(134, 'Swazi lilangeni', '', 'SZL', 748, 0.00000, 'L', '2', ',', '', 0, 1, '0000-00-00 00:00:00', 0, '0000-00-00 00:00:00', 0, '0000-00-00 00:00:00', 0),
(135, 'Thai baht', '', 'THB', 764, 0.00000, '฿', '2', ',', '', 0, 1, '0000-00-00 00:00:00', 0, '0000-00-00 00:00:00', 0, '0000-00-00 00:00:00', 0),
(136, 'Tunisian dinar', '', 'TND', 788, 0.00000, 'د.ت', '3', ',', '', 0, 1, '0000-00-00 00:00:00', 0, '0000-00-00 00:00:00', 0, '0000-00-00 00:00:00', 0),
(137, 'Tongan paʻanga', '', 'TOP', 776, 0.00000, 'T$', '2', ',', '', 0, 1, '0000-00-00 00:00:00', 0, '0000-00-00 00:00:00', 0, '0000-00-00 00:00:00', 0),
(139, 'Turkish new lira', '', 'TRY', 949, 0.00000, 'YTL', '2', ',', '.', 0, 1, '0000-00-00 00:00:00', 0, '0000-00-00 00:00:00', 0, '0000-00-00 00:00:00', 0),
(140, 'Trinidad and Tobago dollar', '', 'TTD', 780, 0.00000, 'TT$', '2', ',', '', 0, 1, '0000-00-00 00:00:00', 0, '0000-00-00 00:00:00', 0, '0000-00-00 00:00:00', 0),
(141, 'New Taiwan dollar', '', 'TWD', 901, 0.00000, 'NT$', '2', ',', '', 0, 1, '0000-00-00 00:00:00', 0, '0000-00-00 00:00:00', 0, '0000-00-00 00:00:00', 0),
(142, 'Tanzanian shilling', '', 'TZS', 834, 0.00000, 'Sh', '2', ',', '', 0, 1, '0000-00-00 00:00:00', 0, '0000-00-00 00:00:00', 0, '0000-00-00 00:00:00', 0),
(144, 'United States dollar', '', 'USD', 840, 0.00000, '$', '2', '.', ',', 0, 1, '0000-00-00 00:00:00', 0, '0000-00-00 00:00:00', 0, '0000-00-00 00:00:00', 0),
(147, 'Vietnamese Dong', '', 'VND', 704, 0.00000, '₫', '0', '', '', 0, 1, '0000-00-00 00:00:00', 0, '0000-00-00 00:00:00', 0, '0000-00-00 00:00:00', 0),
(148, 'Vanuatu vatu', '', 'VUV', 548, 0.00000, 'Vt', '2', ',', '', 0, 1, '0000-00-00 00:00:00', 0, '0000-00-00 00:00:00', 0, '0000-00-00 00:00:00', 0),
(149, 'Samoan tala', '', 'WST', 882, 0.00000, 'T', '2', ',', '', 0, 1, '0000-00-00 00:00:00', 0, '0000-00-00 00:00:00', 0, '0000-00-00 00:00:00', 0),
(151, 'Yemeni rial', '', 'YER', 886, 0.00000, '﷼', '2', ',', '', 0, 1, '0000-00-00 00:00:00', 0, '0000-00-00 00:00:00', 0, '0000-00-00 00:00:00', 0),
(152, 'Serbian dinar', '', 'RSD', 941, 0.00000, 'Дин.', '2', ',', '', 0, 1, '0000-00-00 00:00:00', 0, '0000-00-00 00:00:00', 0, '0000-00-00 00:00:00', 0),
(153, 'South African rand', '', 'ZAR', 710, 0.00000, 'R', '2', ',', '', 0, 1, '0000-00-00 00:00:00', 0, '0000-00-00 00:00:00', 0, '0000-00-00 00:00:00', 0),
(154, 'Zambian kwacha', '', 'ZMK', 894, 0.00000, 'ZK', '2', ',', '', 0, 1, '0000-00-00 00:00:00', 0, '0000-00-00 00:00:00', 0, '0000-00-00 00:00:00', 0),
(156, 'Zimbabwean dollar', '', 'ZWD', 932, 0.00000, 'Z$', '2', ',', '', 0, 1, '0000-00-00 00:00:00', 0, '0000-00-00 00:00:00', 0, '0000-00-00 00:00:00', 0),
(158, 'Armenian dram', '', 'AMD', 51, 0.00000, 'դր.', '2', ',', '', 0, 1, '0000-00-00 00:00:00', 0, '0000-00-00 00:00:00', 0, '0000-00-00 00:00:00', 0),
(159, 'Myanmar kyat', '', 'MMK', 104, 0.00000, 'K', '2', ',', '', 0, 1, '0000-00-00 00:00:00', 0, '0000-00-00 00:00:00', 0, '0000-00-00 00:00:00', 0),
(160, 'Croatian kuna', '', 'HRK', 191, 0.00000, 'kn', '2', ',', '.', 0, 1, '0000-00-00 00:00:00', 0, '0000-00-00 00:00:00', 0, '0000-00-00 00:00:00', 0),
(161, 'Eritrean nakfa', '', 'ERN', 232, 0.00000, 'Nfk', '2', ',', '', 0, 1, '0000-00-00 00:00:00', 0, '0000-00-00 00:00:00', 0, '0000-00-00 00:00:00', 0),
(162, 'Djiboutian franc', '', 'DJF', 262, 0.00000, 'Fr', '0', '', '', 0, 1, '0000-00-00 00:00:00', 0, '0000-00-00 00:00:00', 0, '0000-00-00 00:00:00', 0),
(163, 'Icelandic króna', '', 'ISK', 352, 0.00000, 'kr', '2', ',', '', 0, 1, '0000-00-00 00:00:00', 0, '0000-00-00 00:00:00', 0, '0000-00-00 00:00:00', 0),
(164, 'Kazakhstani tenge', '', 'KZT', 398, 0.00000, 'лв', '2', ',', '', 0, 1, '0000-00-00 00:00:00', 0, '0000-00-00 00:00:00', 0, '0000-00-00 00:00:00', 0),
(165, 'Kyrgyzstani som', '', 'KGS', 417, 0.00000, 'лв', '2', ',', '', 0, 1, '0000-00-00 00:00:00', 0, '0000-00-00 00:00:00', 0, '0000-00-00 00:00:00', 0),
(166, 'Latvian lats', '', 'LVL', 428, 0.00000, 'Ls', '2', ',', '', 0, 1, '0000-00-00 00:00:00', 0, '0000-00-00 00:00:00', 0, '0000-00-00 00:00:00', 0),
(167, 'Lithuanian litas', '', 'LTL', 440, 0.00000, 'Lt', '2', ',', '', 0, 1, '0000-00-00 00:00:00', 0, '0000-00-00 00:00:00', 0, '0000-00-00 00:00:00', 0),
(168, 'Mexican peso', '', 'MXN', 484, 0.00000, '$', '2', ',', '', 0, 1, '0000-00-00 00:00:00', 0, '0000-00-00 00:00:00', 0, '0000-00-00 00:00:00', 0),
(169, 'Moldovan leu', '', 'MDL', 498, 0.00000, 'L', '2', ',', '', 0, 1, '0000-00-00 00:00:00', 0, '0000-00-00 00:00:00', 0, '0000-00-00 00:00:00', 0),
(170, 'Namibian dollar', '', 'NAD', 516, 0.00000, '$', '2', ',', '', 0, 1, '0000-00-00 00:00:00', 0, '0000-00-00 00:00:00', 0, '0000-00-00 00:00:00', 0),
(171, 'Nicaraguan córdoba', '', 'NIO', 558, 0.00000, 'C$', '2', ',', '', 0, 1, '0000-00-00 00:00:00', 0, '0000-00-00 00:00:00', 0, '0000-00-00 00:00:00', 0),
(172, 'Ugandan shilling', '', 'UGX', 800, 0.00000, 'Sh', '2', ',', '', 0, 1, '0000-00-00 00:00:00', 0, '0000-00-00 00:00:00', 0, '0000-00-00 00:00:00', 0),
(173, 'Macedonian denar', '', 'MKD', 807, 0.00000, 'ден', '2', ',', '', 0, 1, '0000-00-00 00:00:00', 0, '0000-00-00 00:00:00', 0, '0000-00-00 00:00:00', 0),
(174, 'Uruguayan peso', '', 'UYU', 858, 0.00000, '$', '0', '', '', 0, 1, '0000-00-00 00:00:00', 0, '0000-00-00 00:00:00', 0, '0000-00-00 00:00:00', 0),
(175, 'Uzbekistani som', '', 'UZS', 860, 0.00000, 'лв', '2', ',', '', 0, 1, '0000-00-00 00:00:00', 0, '0000-00-00 00:00:00', 0, '0000-00-00 00:00:00', 0),
(176, 'Azerbaijani manat', '', 'AZN', 934, 0.00000, 'ман', '2', ',', '', 0, 1, '0000-00-00 00:00:00', 0, '0000-00-00 00:00:00', 0, '0000-00-00 00:00:00', 0),
(177, 'Ghanaian cedi', '', 'GHS', 936, 0.00000, '₵', '2', ',', '', 0, 1, '0000-00-00 00:00:00', 0, '0000-00-00 00:00:00', 0, '0000-00-00 00:00:00', 0),
(178, 'Venezuelan bolívar', '', 'VEF', 937, 0.00000, 'Bs', '2', ',', '', 0, 1, '0000-00-00 00:00:00', 0, '0000-00-00 00:00:00', 0, '0000-00-00 00:00:00', 0),
(179, 'Sudanese pound', '', 'SDG', 938, 0.00000, '£', '2', ',', '', 0, 1, '0000-00-00 00:00:00', 0, '0000-00-00 00:00:00', 0, '0000-00-00 00:00:00', 0),
(180, 'Uruguay Peso', '', 'UYI', 940, 0.00000, 'UYI', '2', ',', '', 0, 1, '0000-00-00 00:00:00', 0, '0000-00-00 00:00:00', 0, '0000-00-00 00:00:00', 0),
(181, 'Mozambican metical', '', 'MZN', 943, 0.00000, 'MT', '2', ',', '', 0, 1, '0000-00-00 00:00:00', 0, '0000-00-00 00:00:00', 0, '0000-00-00 00:00:00', 0),
(182, 'WIR Euro', '', 'CHE', 947, 0.00000, '€', '2', ',', '', 0, 1, '0000-00-00 00:00:00', 0, '0000-00-00 00:00:00', 0, '0000-00-00 00:00:00', 0),
(183, 'WIR Franc', '', 'CHW', 948, 0.00000, 'CHW', '2', ',', '', 0, 1, '0000-00-00 00:00:00', 0, '0000-00-00 00:00:00', 0, '0000-00-00 00:00:00', 0),
(184, 'Central African CFA franc', '', 'XAF', 950, 0.00000, 'Fr', '0', '', '', 0, 1, '0000-00-00 00:00:00', 0, '0000-00-00 00:00:00', 0, '0000-00-00 00:00:00', 0),
(185, 'East Caribbean dollar', '', 'XCD', 951, 0.00000, '$', '2', ',', '', 0, 1, '0000-00-00 00:00:00', 0, '0000-00-00 00:00:00', 0, '0000-00-00 00:00:00', 0),
(186, 'West African CFA franc', '', 'XOF', 952, 0.00000, 'Fr', '2', ',', '', 0, 1, '0000-00-00 00:00:00', 0, '0000-00-00 00:00:00', 0, '0000-00-00 00:00:00', 0),
(187, 'CFP franc', '', 'XPF', 953, 0.00000, 'Fr', '2', ',', '', 0, 1, '0000-00-00 00:00:00', 0, '0000-00-00 00:00:00', 0, '0000-00-00 00:00:00', 0),
(188, 'Surinamese dollar', '', 'SRD', 968, 0.00000, '$', '2', ',', '', 0, 1, '0000-00-00 00:00:00', 0, '0000-00-00 00:00:00', 0, '0000-00-00 00:00:00', 0),
(189, 'Malagasy ariary', '', 'MGA', 969, 0.00000, 'MGA', '2', ',', '', 0, 1, '0000-00-00 00:00:00', 0, '0000-00-00 00:00:00', 0, '0000-00-00 00:00:00', 0),
(190, 'Unidad de Valor Real', '', 'COU', 970, 0.00000, 'COU', '2', ',', '', 0, 1, '0000-00-00 00:00:00', 0, '0000-00-00 00:00:00', 0, '0000-00-00 00:00:00', 0),
(191, 'Afghan afghani', '', 'AFN', 971, 0.00000, '؋', '2', ',', '', 0, 1, '0000-00-00 00:00:00', 0, '0000-00-00 00:00:00', 0, '0000-00-00 00:00:00', 0),
(192, 'Tajikistani somoni', '', 'TJS', 972, 0.00000, 'ЅМ', '2', ',', '', 0, 1, '0000-00-00 00:00:00', 0, '0000-00-00 00:00:00', 0, '0000-00-00 00:00:00', 0),
(193, 'Angolan kwanza', '', 'AOA', 973, 0.00000, 'Kz', '2', ',', '', 0, 1, '0000-00-00 00:00:00', 0, '0000-00-00 00:00:00', 0, '0000-00-00 00:00:00', 0),
(194, 'Belarusian ruble', '', 'BYR', 974, 0.00000, 'p.', '0', '', '', 0, 1, '0000-00-00 00:00:00', 0, '0000-00-00 00:00:00', 0, '0000-00-00 00:00:00', 0),
(195, 'Bulgarian lev', '', 'BGN', 975, 0.00000, 'лв', '2', ',', '', 0, 1, '0000-00-00 00:00:00', 0, '0000-00-00 00:00:00', 0, '0000-00-00 00:00:00', 0),
(196, 'Congolese franc', '', 'CDF', 976, 0.00000, 'Fr', '2', ',', '', 0, 1, '0000-00-00 00:00:00', 0, '0000-00-00 00:00:00', 0, '0000-00-00 00:00:00', 0),
(197, 'Bosnia and Herzegovina convert', '', 'BAM', 977, 0.00000, 'KM', '2', ',', '', 0, 1, '0000-00-00 00:00:00', 0, '0000-00-00 00:00:00', 0, '0000-00-00 00:00:00', 0),
(198, 'Mexican Unid', '', 'MXV', 979, 0.00000, 'MXV', '2', ',', '', 0, 1, '0000-00-00 00:00:00', 0, '0000-00-00 00:00:00', 0, '0000-00-00 00:00:00', 0),
(199, 'Ukrainian hryvnia', '', 'UAH', 980, 0.00000, '₴', '2', ',', '', 0, 1, '0000-00-00 00:00:00', 0, '0000-00-00 00:00:00', 0, '0000-00-00 00:00:00', 0),
(200, 'Georgian lari', '', 'GEL', 981, 0.00000, 'ლ', '2', ',', '', 0, 1, '0000-00-00 00:00:00', 0, '0000-00-00 00:00:00', 0, '0000-00-00 00:00:00', 0),
(201, 'Mvdol', '', 'BOV', 984, 0.00000, 'BOV', '2', ',', '', 0, 1, '0000-00-00 00:00:00', 0, '0000-00-00 00:00:00', 0, '0000-00-00 00:00:00', 0),
(202, '', '', '', NULL, 0.00000, '', '', '', '', 0, 1, '2013-03-18 00:00:00', 1, '0000-00-00 00:00:00', 0, '0000-00-00 00:00:00', 0),
(203, 'asdasfdasf', '', '', NULL, 0.00000, '', '', '', '', 0, 1, '2013-03-18 00:00:00', 1, '0000-00-00 00:00:00', 0, '0000-00-00 00:00:00', 0);

-- --------------------------------------------------------

--
-- Table structure for table `os_menu`
--

DROP TABLE IF EXISTS `os_menu`;
CREATE TABLE IF NOT EXISTS `os_menu` (
  `id` int(10) unsigned NOT NULL AUTO_INCREMENT,
  `nemu_name` varchar(250) CHARACTER SET utf8 COLLATE utf8_unicode_ci DEFAULT NULL,
  PRIMARY KEY (`id`)
) ENGINE=InnoDB  DEFAULT CHARSET=latin1 AUTO_INCREMENT=12 ;

--
-- Dumping data for table `os_menu`
--

INSERT INTO `os_menu` (`id`, `nemu_name`) VALUES
(1, 'নিউজার্সির খবর'),
(2, 'বোস্টনের খবর'),
(3, '	নিউয়র্কের খবর'),
(4, 'যুক্তরাষ্ট্রের খবর'),
(5, 'বাংলাদেশের খবর'),
(6, 'প্রবাসীদের খবর'),
(7, 'বিনোদন'),
(8, 'নানান আয়োজন'),
(9, 'আজকের খবর'),
(10, 'লেখকদের কলাম'),
(11, 'প্রচ্ছদ');

-- --------------------------------------------------------

--
-- Table structure for table `os_state`
--

DROP TABLE IF EXISTS `os_state`;
CREATE TABLE IF NOT EXISTS `os_state` (
  `id` int(11) unsigned NOT NULL AUTO_INCREMENT,
  `country_id` int(11) DEFAULT NULL,
  `state_name` varchar(192) COLLATE utf8_unicode_ci DEFAULT NULL,
  `state_3_code` varchar(9) COLLATE utf8_unicode_ci DEFAULT NULL,
  `state_2_code` varchar(6) COLLATE utf8_unicode_ci DEFAULT NULL,
  `ordering` double DEFAULT NULL,
  `published` tinyint(1) DEFAULT NULL,
  `created_on` datetime DEFAULT NULL,
  `created_by` double DEFAULT NULL,
  `modified_on` datetime DEFAULT NULL,
  `modified_by` double DEFAULT NULL,
  `locked_on` datetime DEFAULT NULL,
  `locked_by` double DEFAULT NULL,
  PRIMARY KEY (`id`)
) ENGINE=InnoDB  DEFAULT CHARSET=utf8 COLLATE=utf8_unicode_ci AUTO_INCREMENT=654 ;

--
-- Dumping data for table `os_state`
--

INSERT INTO `os_state` (`id`, `country_id`, `state_name`, `state_3_code`, `state_2_code`, `ordering`, `published`, `created_on`, `created_by`, `modified_on`, `modified_by`, `locked_on`, `locked_by`) VALUES
(1, 223, 'Alabama', 'ALA', 'AL', 0, 1, '0000-00-00 00:00:00', 1, '0000-00-00 00:00:00', 0, '0000-00-00 00:00:00', 0),
(2, 223, 'Alaska', 'ALK', 'AK', 0, 1, '0000-00-00 00:00:00', 1, '0000-00-00 00:00:00', 0, '0000-00-00 00:00:00', 0),
(3, 223, 'Arizona', 'ARZ', 'AZ', 0, 1, '0000-00-00 00:00:00', 1, '0000-00-00 00:00:00', 0, '0000-00-00 00:00:00', 0),
(4, 223, 'Arkansas', 'ARK', 'AR', 0, 1, '0000-00-00 00:00:00', 1, '0000-00-00 00:00:00', 0, '0000-00-00 00:00:00', 0),
(5, 223, 'California', 'CAL', 'CA', 0, 1, '0000-00-00 00:00:00', 1, '0000-00-00 00:00:00', 0, '0000-00-00 00:00:00', 0),
(6, 223, 'Colorado', 'COL', 'CO', 0, 1, '0000-00-00 00:00:00', 1, '0000-00-00 00:00:00', 0, '0000-00-00 00:00:00', 0),
(7, 223, 'Connecticut', 'CCT', 'CT', 0, 1, '0000-00-00 00:00:00', 1, '0000-00-00 00:00:00', 0, '0000-00-00 00:00:00', 0),
(8, 223, 'Delaware', 'DEL', 'DE', 0, 1, '0000-00-00 00:00:00', 1, '0000-00-00 00:00:00', 0, '0000-00-00 00:00:00', 0),
(9, 223, 'District Of Columbia', 'DOC', 'DC', 0, 1, '0000-00-00 00:00:00', 1, '0000-00-00 00:00:00', 0, '0000-00-00 00:00:00', 0),
(10, 223, 'Florida', 'FLO', 'FL', 0, 1, '0000-00-00 00:00:00', 1, '0000-00-00 00:00:00', 0, '0000-00-00 00:00:00', 0),
(11, 223, 'Georgia', 'GEA', 'GA', 0, 1, '0000-00-00 00:00:00', 1, '0000-00-00 00:00:00', 0, '0000-00-00 00:00:00', 0),
(12, 223, 'Hawaii', 'HWI', 'HI', 0, 1, '0000-00-00 00:00:00', 1, '0000-00-00 00:00:00', 0, '0000-00-00 00:00:00', 0),
(13, 223, 'Idaho', 'IDA', 'ID', 0, 1, '0000-00-00 00:00:00', 1, '0000-00-00 00:00:00', 0, '0000-00-00 00:00:00', 0),
(14, 223, 'Illinois', 'ILL', 'IL', 0, 1, '0000-00-00 00:00:00', 1, '0000-00-00 00:00:00', 0, '0000-00-00 00:00:00', 0),
(15, 223, 'Indiana', 'IND', 'IN', 0, 1, '0000-00-00 00:00:00', 1, '0000-00-00 00:00:00', 0, '0000-00-00 00:00:00', 0),
(16, 223, 'Iowa', 'IOA', 'IA', 0, 1, '0000-00-00 00:00:00', 1, '0000-00-00 00:00:00', 0, '0000-00-00 00:00:00', 0),
(17, 223, 'Kansas', 'KAS', 'KS', 0, 1, '0000-00-00 00:00:00', 1, '0000-00-00 00:00:00', 0, '0000-00-00 00:00:00', 0),
(18, 223, 'Kentucky', 'KTY', 'KY', 0, 1, '0000-00-00 00:00:00', 1, '0000-00-00 00:00:00', 0, '0000-00-00 00:00:00', 0),
(19, 223, 'Louisiana', 'LOA', 'LA', 0, 1, '0000-00-00 00:00:00', 1, '0000-00-00 00:00:00', 0, '0000-00-00 00:00:00', 0),
(20, 223, 'Maine', 'MAI', 'ME', 0, 1, '0000-00-00 00:00:00', 1, '0000-00-00 00:00:00', 0, '0000-00-00 00:00:00', 0),
(21, 223, 'Maryland', 'MLD', 'MD', 0, 1, '0000-00-00 00:00:00', 1, '0000-00-00 00:00:00', 0, '0000-00-00 00:00:00', 0),
(22, 223, 'Massachusetts', 'MSA', 'MA', 0, 1, '0000-00-00 00:00:00', 1, '0000-00-00 00:00:00', 0, '0000-00-00 00:00:00', 0),
(23, 223, 'Michigan', 'MIC', 'MI', 0, 1, '0000-00-00 00:00:00', 1, '0000-00-00 00:00:00', 0, '0000-00-00 00:00:00', 0),
(24, 223, 'Minnesota', 'MIN', 'MN', 0, 1, '0000-00-00 00:00:00', 1, '0000-00-00 00:00:00', 0, '0000-00-00 00:00:00', 0),
(25, 223, 'Mississippi', 'MIS', 'MS', 0, 1, '0000-00-00 00:00:00', 1, '0000-00-00 00:00:00', 0, '0000-00-00 00:00:00', 0),
(26, 223, 'Missouri', 'MIO', 'MO', 0, 1, '0000-00-00 00:00:00', 1, '0000-00-00 00:00:00', 0, '0000-00-00 00:00:00', 0),
(27, 223, 'Montana', 'MOT', 'MT', 0, 1, '0000-00-00 00:00:00', 1, '0000-00-00 00:00:00', 0, '0000-00-00 00:00:00', 0),
(28, 223, 'Nebraska', 'NEB', 'NE', 0, 1, '0000-00-00 00:00:00', 1, '0000-00-00 00:00:00', 0, '0000-00-00 00:00:00', 0),
(29, 223, 'Nevada', 'NEV', 'NV', 0, 1, '0000-00-00 00:00:00', 1, '0000-00-00 00:00:00', 0, '0000-00-00 00:00:00', 0),
(30, 223, 'New Hampshire', 'NEH', 'NH', 0, 1, '0000-00-00 00:00:00', 1, '0000-00-00 00:00:00', 0, '0000-00-00 00:00:00', 0),
(31, 223, 'New Jersey', 'NEJ', 'NJ', 0, 1, '0000-00-00 00:00:00', 1, '0000-00-00 00:00:00', 0, '0000-00-00 00:00:00', 0),
(32, 223, 'New Mexico', 'NEM', 'NM', 0, 1, '0000-00-00 00:00:00', 1, '0000-00-00 00:00:00', 0, '0000-00-00 00:00:00', 0),
(33, 223, 'New York', 'NEY', 'NY', 0, 1, '0000-00-00 00:00:00', 1, '0000-00-00 00:00:00', 0, '0000-00-00 00:00:00', 0),
(34, 223, 'North Carolina', 'NOC', 'NC', 0, 1, '0000-00-00 00:00:00', 1, '0000-00-00 00:00:00', 0, '0000-00-00 00:00:00', 0),
(35, 223, 'North Dakota', 'NOD', 'ND', 0, 1, '0000-00-00 00:00:00', 1, '0000-00-00 00:00:00', 0, '0000-00-00 00:00:00', 0),
(36, 223, 'Ohio', 'OHI', 'OH', 0, 1, '0000-00-00 00:00:00', 1, '0000-00-00 00:00:00', 0, '0000-00-00 00:00:00', 0),
(37, 223, 'Oklahoma', 'OKL', 'OK', 0, 1, '0000-00-00 00:00:00', 1, '0000-00-00 00:00:00', 0, '0000-00-00 00:00:00', 0),
(38, 223, 'Oregon', 'ORN', 'OR', 0, 1, '0000-00-00 00:00:00', 1, '0000-00-00 00:00:00', 0, '0000-00-00 00:00:00', 0),
(39, 223, 'Pennsylvania', 'PEA', 'PA', 0, 1, '0000-00-00 00:00:00', 1, '0000-00-00 00:00:00', 0, '0000-00-00 00:00:00', 0),
(40, 223, 'Rhode Island', 'RHI', 'RI', 0, 1, '0000-00-00 00:00:00', 1, '0000-00-00 00:00:00', 0, '0000-00-00 00:00:00', 0),
(41, 223, 'South Carolina', 'SOC', 'SC', 0, 1, '0000-00-00 00:00:00', 1, '0000-00-00 00:00:00', 0, '0000-00-00 00:00:00', 0),
(42, 223, 'South Dakota', 'SOD', 'SD', 0, 1, '0000-00-00 00:00:00', 1, '0000-00-00 00:00:00', 0, '0000-00-00 00:00:00', 0),
(43, 223, 'Tennessee', 'TEN', 'TN', 0, 1, '0000-00-00 00:00:00', 1, '0000-00-00 00:00:00', 0, '0000-00-00 00:00:00', 0),
(44, 223, 'Texas', 'TXS', 'TX', 0, 1, '0000-00-00 00:00:00', 1, '0000-00-00 00:00:00', 0, '0000-00-00 00:00:00', 0),
(45, 223, 'Utah', 'UTA', 'UT', 0, 1, '0000-00-00 00:00:00', 1, '0000-00-00 00:00:00', 0, '0000-00-00 00:00:00', 0),
(46, 223, 'Vermont', 'VMT', 'VT', 0, 1, '0000-00-00 00:00:00', 1, '0000-00-00 00:00:00', 0, '0000-00-00 00:00:00', 0),
(47, 223, 'Virginia', 'VIA', 'VA', 0, 1, '0000-00-00 00:00:00', 1, '0000-00-00 00:00:00', 0, '0000-00-00 00:00:00', 0),
(48, 223, 'Washington', 'WAS', 'WA', 0, 1, '0000-00-00 00:00:00', 1, '0000-00-00 00:00:00', 0, '0000-00-00 00:00:00', 0),
(49, 223, 'West Virginia', 'WEV', 'WV', 0, 1, '0000-00-00 00:00:00', 1, '0000-00-00 00:00:00', 0, '0000-00-00 00:00:00', 0),
(50, 223, 'Wisconsin', 'WIS', 'WI', 0, 1, '0000-00-00 00:00:00', 1, '0000-00-00 00:00:00', 0, '0000-00-00 00:00:00', 0),
(51, 223, 'Wyoming', 'WYO', 'WY', 0, 1, '0000-00-00 00:00:00', 1, '0000-00-00 00:00:00', 0, '0000-00-00 00:00:00', 0),
(52, 38, 'Alberta', 'ALB', 'AB', 0, 1, '0000-00-00 00:00:00', 1, '0000-00-00 00:00:00', 0, '0000-00-00 00:00:00', 0),
(53, 38, 'British Columbia', 'BRC', 'BC', 0, 1, '0000-00-00 00:00:00', 1, '0000-00-00 00:00:00', 0, '0000-00-00 00:00:00', 0),
(54, 38, 'Manitoba', 'MAB', 'MB', 0, 1, '0000-00-00 00:00:00', 1, '0000-00-00 00:00:00', 0, '0000-00-00 00:00:00', 0),
(55, 38, 'New Brunswick', 'NEB', 'NB', 0, 1, '0000-00-00 00:00:00', 1, '0000-00-00 00:00:00', 0, '0000-00-00 00:00:00', 0),
(56, 38, 'Newfoundland and Labrador', 'NFL', 'NL', 0, 1, '0000-00-00 00:00:00', 1, '0000-00-00 00:00:00', 0, '0000-00-00 00:00:00', 0),
(57, 38, 'Northwest Territories', 'NWT', 'NT', 0, 1, '0000-00-00 00:00:00', 1, '0000-00-00 00:00:00', 0, '0000-00-00 00:00:00', 0),
(58, 38, 'Nova Scotia', 'NOS', 'NS', 0, 1, '0000-00-00 00:00:00', 1, '0000-00-00 00:00:00', 0, '0000-00-00 00:00:00', 0),
(59, 38, 'Nunavut', 'NUT', 'NU', 0, 1, '0000-00-00 00:00:00', 1, '0000-00-00 00:00:00', 0, '0000-00-00 00:00:00', 0),
(60, 38, 'Ontario', 'ONT', 'ON', 0, 1, '0000-00-00 00:00:00', 1, '0000-00-00 00:00:00', 0, '0000-00-00 00:00:00', 0),
(61, 38, 'Prince Edward Island', 'PEI', 'PE', 0, 1, '0000-00-00 00:00:00', 1, '0000-00-00 00:00:00', 0, '0000-00-00 00:00:00', 0),
(62, 38, 'Quebec', 'QEC', 'QC', 0, 1, '0000-00-00 00:00:00', 1, '0000-00-00 00:00:00', 0, '0000-00-00 00:00:00', 0),
(63, 38, 'Saskatchewan', 'SAK', 'SK', 0, 1, '0000-00-00 00:00:00', 1, '0000-00-00 00:00:00', 0, '0000-00-00 00:00:00', 0),
(64, 38, 'Yukon', 'YUT', 'YT', 0, 1, '0000-00-00 00:00:00', 1, '0000-00-00 00:00:00', 0, '0000-00-00 00:00:00', 0),
(65, 222, 'England', 'ENG', 'EN', 0, 1, '0000-00-00 00:00:00', 1, '0000-00-00 00:00:00', 0, '0000-00-00 00:00:00', 0),
(66, 222, 'Northern Ireland', 'NOI', 'NI', 0, 1, '0000-00-00 00:00:00', 1, '0000-00-00 00:00:00', 0, '0000-00-00 00:00:00', 0),
(67, 222, 'Scotland', 'SCO', 'SD', 0, 1, '0000-00-00 00:00:00', 1, '0000-00-00 00:00:00', 0, '0000-00-00 00:00:00', 0),
(68, 222, 'Wales', 'WLS', 'WS', 0, 1, '0000-00-00 00:00:00', 1, '0000-00-00 00:00:00', 0, '0000-00-00 00:00:00', 0),
(69, 13, 'Australian Capital Territory', 'ACT', 'AC', 0, 1, '0000-00-00 00:00:00', 1, '0000-00-00 00:00:00', 0, '0000-00-00 00:00:00', 0),
(70, 13, 'New South Wales', 'NSW', 'NS', 0, 1, '0000-00-00 00:00:00', 1, '0000-00-00 00:00:00', 0, '0000-00-00 00:00:00', 0),
(71, 13, 'Northern Territory', 'NOT', 'NT', 0, 1, '0000-00-00 00:00:00', 1, '0000-00-00 00:00:00', 0, '0000-00-00 00:00:00', 0),
(72, 13, 'Queensland', 'QLD', 'QL', 0, 1, '0000-00-00 00:00:00', 1, '0000-00-00 00:00:00', 0, '0000-00-00 00:00:00', 0),
(73, 13, 'South Australia', 'SOA', 'SA', 0, 1, '0000-00-00 00:00:00', 1, '0000-00-00 00:00:00', 0, '0000-00-00 00:00:00', 0),
(74, 13, 'Tasmania', 'TAS', 'TS', 0, 1, '0000-00-00 00:00:00', 1, '0000-00-00 00:00:00', 0, '0000-00-00 00:00:00', 0),
(75, 13, 'Victoria', 'VIC', 'VI', 0, 1, '0000-00-00 00:00:00', 1, '0000-00-00 00:00:00', 0, '0000-00-00 00:00:00', 0),
(76, 13, 'Western Australia', 'WEA', 'WA', 0, 1, '0000-00-00 00:00:00', 1, '0000-00-00 00:00:00', 0, '0000-00-00 00:00:00', 0),
(77, 138, 'Aguascalientes', 'AGS', 'AG', 0, 1, '0000-00-00 00:00:00', 1, '0000-00-00 00:00:00', 0, '0000-00-00 00:00:00', 0),
(78, 138, 'Baja California Norte', 'BCN', 'BN', 0, 1, '0000-00-00 00:00:00', 1, '0000-00-00 00:00:00', 0, '0000-00-00 00:00:00', 0),
(79, 138, 'Baja California Sur', 'BCS', 'BS', 0, 1, '0000-00-00 00:00:00', 1, '0000-00-00 00:00:00', 0, '0000-00-00 00:00:00', 0),
(80, 138, 'Campeche', 'CAM', 'CA', 0, 1, '0000-00-00 00:00:00', 1, '0000-00-00 00:00:00', 0, '0000-00-00 00:00:00', 0),
(81, 138, 'Chiapas', 'CHI', 'CS', 0, 1, '0000-00-00 00:00:00', 1, '0000-00-00 00:00:00', 0, '0000-00-00 00:00:00', 0),
(82, 138, 'Chihuahua', 'CHA', 'CH', 0, 1, '0000-00-00 00:00:00', 1, '0000-00-00 00:00:00', 0, '0000-00-00 00:00:00', 0),
(83, 138, 'Coahuila', 'COA', 'CO', 0, 1, '0000-00-00 00:00:00', 1, '0000-00-00 00:00:00', 0, '0000-00-00 00:00:00', 0),
(84, 138, 'Colima', 'COL', 'CM', 0, 1, '0000-00-00 00:00:00', 1, '0000-00-00 00:00:00', 0, '0000-00-00 00:00:00', 0),
(85, 138, 'Distrito Federal', 'DFM', 'DF', 0, 1, '0000-00-00 00:00:00', 1, '0000-00-00 00:00:00', 0, '0000-00-00 00:00:00', 0),
(86, 138, 'Durango', 'DGO', 'DO', 0, 1, '0000-00-00 00:00:00', 1, '0000-00-00 00:00:00', 0, '0000-00-00 00:00:00', 0),
(87, 138, 'Guanajuato', 'GTO', 'GO', 0, 1, '0000-00-00 00:00:00', 1, '0000-00-00 00:00:00', 0, '0000-00-00 00:00:00', 0),
(88, 138, 'Guerrero', 'GRO', 'GU', 0, 1, '0000-00-00 00:00:00', 1, '0000-00-00 00:00:00', 0, '0000-00-00 00:00:00', 0),
(89, 138, 'Hidalgo', 'HGO', 'HI', 0, 1, '0000-00-00 00:00:00', 1, '0000-00-00 00:00:00', 0, '0000-00-00 00:00:00', 0),
(90, 138, 'Jalisco', 'JAL', 'JA', 0, 1, '0000-00-00 00:00:00', 1, '0000-00-00 00:00:00', 0, '0000-00-00 00:00:00', 0),
(91, 138, 'M', 'EDM', 'EM', 0, 1, '0000-00-00 00:00:00', 1, '0000-00-00 00:00:00', 0, '0000-00-00 00:00:00', 0),
(92, 138, 'Michoac', 'MCN', 'MI', 0, 1, '0000-00-00 00:00:00', 1, '0000-00-00 00:00:00', 0, '0000-00-00 00:00:00', 0),
(93, 138, 'Morelos', 'MOR', 'MO', 0, 1, '0000-00-00 00:00:00', 1, '0000-00-00 00:00:00', 0, '0000-00-00 00:00:00', 0),
(94, 138, 'Nayarit', 'NAY', 'NY', 0, 1, '0000-00-00 00:00:00', 1, '0000-00-00 00:00:00', 0, '0000-00-00 00:00:00', 0),
(95, 138, 'Nuevo Le', 'NUL', 'NL', 0, 1, '0000-00-00 00:00:00', 1, '0000-00-00 00:00:00', 0, '0000-00-00 00:00:00', 0),
(96, 138, 'Oaxaca', 'OAX', 'OA', 0, 1, '0000-00-00 00:00:00', 1, '0000-00-00 00:00:00', 0, '0000-00-00 00:00:00', 0),
(97, 138, 'Puebla', 'PUE', 'PU', 0, 1, '0000-00-00 00:00:00', 1, '0000-00-00 00:00:00', 0, '0000-00-00 00:00:00', 0),
(98, 138, 'Quer', 'QRO', 'QU', 0, 1, '0000-00-00 00:00:00', 1, '0000-00-00 00:00:00', 0, '0000-00-00 00:00:00', 0),
(99, 138, 'Quintana Roo', 'QUR', 'QR', 0, 1, '0000-00-00 00:00:00', 1, '0000-00-00 00:00:00', 0, '0000-00-00 00:00:00', 0),
(100, 138, 'San Luis Potos', 'SLP', 'SP', 0, 1, '0000-00-00 00:00:00', 1, '0000-00-00 00:00:00', 0, '0000-00-00 00:00:00', 0),
(101, 138, 'Sinaloa', 'SIN', 'SI', 0, 1, '0000-00-00 00:00:00', 1, '0000-00-00 00:00:00', 0, '0000-00-00 00:00:00', 0),
(102, 138, 'Sonora', 'SON', 'SO', 0, 1, '0000-00-00 00:00:00', 1, '0000-00-00 00:00:00', 0, '0000-00-00 00:00:00', 0),
(103, 138, 'Tabasco', 'TAB', 'TA', 0, 1, '0000-00-00 00:00:00', 1, '0000-00-00 00:00:00', 0, '0000-00-00 00:00:00', 0),
(104, 138, 'Tamaulipas', 'TAM', 'TM', 0, 1, '0000-00-00 00:00:00', 1, '0000-00-00 00:00:00', 0, '0000-00-00 00:00:00', 0),
(105, 138, 'Tlaxcala', 'TLX', 'TX', 0, 1, '0000-00-00 00:00:00', 1, '0000-00-00 00:00:00', 0, '0000-00-00 00:00:00', 0),
(106, 138, 'Veracruz', 'VER', 'VZ', 0, 1, '0000-00-00 00:00:00', 1, '0000-00-00 00:00:00', 0, '0000-00-00 00:00:00', 0),
(107, 138, 'Yucat', 'YUC', 'YU', 0, 1, '0000-00-00 00:00:00', 1, '0000-00-00 00:00:00', 0, '0000-00-00 00:00:00', 0),
(108, 138, 'Zacatecas', 'ZAC', 'ZA', 0, 1, '0000-00-00 00:00:00', 1, '0000-00-00 00:00:00', 0, '0000-00-00 00:00:00', 0),
(109, 30, 'Acre', 'ACR', 'AC', 0, 1, '0000-00-00 00:00:00', 1, '0000-00-00 00:00:00', 0, '0000-00-00 00:00:00', 0),
(110, 30, 'Alagoas', 'ALG', 'AL', 0, 1, '0000-00-00 00:00:00', 1, '0000-00-00 00:00:00', 0, '0000-00-00 00:00:00', 0),
(111, 30, 'Amapá', 'AMP', 'AP', 0, 1, '0000-00-00 00:00:00', 1, '0000-00-00 00:00:00', 0, '0000-00-00 00:00:00', 0),
(112, 30, 'Amazonas', 'AMZ', 'AM', 0, 1, '0000-00-00 00:00:00', 1, '0000-00-00 00:00:00', 0, '0000-00-00 00:00:00', 0),
(113, 30, 'Bahía', 'BAH', 'BA', 0, 1, '0000-00-00 00:00:00', 1, '0000-00-00 00:00:00', 0, '0000-00-00 00:00:00', 0),
(114, 30, 'Ceará', 'CEA', 'CE', 0, 1, '0000-00-00 00:00:00', 1, '0000-00-00 00:00:00', 0, '0000-00-00 00:00:00', 0),
(115, 30, 'Distrito Federal', 'DFB', 'DF', 0, 1, '0000-00-00 00:00:00', 1, '0000-00-00 00:00:00', 0, '0000-00-00 00:00:00', 0),
(116, 30, 'Espírito Santo', 'ESS', 'ES', 0, 1, '0000-00-00 00:00:00', 1, '0000-00-00 00:00:00', 0, '0000-00-00 00:00:00', 0),
(117, 30, 'Goiás', 'GOI', 'GO', 0, 1, '0000-00-00 00:00:00', 1, '0000-00-00 00:00:00', 0, '0000-00-00 00:00:00', 0),
(118, 30, 'Maranhão', 'MAR', 'MA', 0, 1, '0000-00-00 00:00:00', 1, '0000-00-00 00:00:00', 0, '0000-00-00 00:00:00', 0),
(119, 30, 'Mato Grosso', 'MAT', 'MT', 0, 1, '0000-00-00 00:00:00', 1, '0000-00-00 00:00:00', 0, '0000-00-00 00:00:00', 0),
(120, 30, 'Mato Grosso do Sul', 'MGS', 'MS', 0, 1, '0000-00-00 00:00:00', 1, '0000-00-00 00:00:00', 0, '0000-00-00 00:00:00', 0),
(121, 30, 'Minas Gerais', 'MIG', 'MG', 0, 1, '0000-00-00 00:00:00', 1, '0000-00-00 00:00:00', 0, '0000-00-00 00:00:00', 0),
(122, 30, 'Paraná', 'PAR', 'PR', 0, 1, '0000-00-00 00:00:00', 1, '0000-00-00 00:00:00', 0, '0000-00-00 00:00:00', 0),
(123, 30, 'Paraíba', 'PRB', 'PB', 0, 1, '0000-00-00 00:00:00', 1, '0000-00-00 00:00:00', 0, '0000-00-00 00:00:00', 0),
(124, 30, 'Pará', 'PAB', 'PA', 0, 1, '0000-00-00 00:00:00', 1, '0000-00-00 00:00:00', 0, '0000-00-00 00:00:00', 0),
(125, 30, 'Pernambuco', 'PER', 'PE', 0, 1, '0000-00-00 00:00:00', 1, '0000-00-00 00:00:00', 0, '0000-00-00 00:00:00', 0),
(126, 30, 'Piauí', 'PIA', 'PI', 0, 1, '0000-00-00 00:00:00', 1, '0000-00-00 00:00:00', 0, '0000-00-00 00:00:00', 0),
(127, 30, 'Rio Grande do Norte', 'RGN', 'RN', 0, 1, '0000-00-00 00:00:00', 1, '0000-00-00 00:00:00', 0, '0000-00-00 00:00:00', 0),
(128, 30, 'Rio Grande do Sul', 'RGS', 'RS', 0, 1, '0000-00-00 00:00:00', 1, '0000-00-00 00:00:00', 0, '0000-00-00 00:00:00', 0),
(129, 30, 'Rio de Janeiro', 'RDJ', 'RJ', 0, 1, '0000-00-00 00:00:00', 1, '0000-00-00 00:00:00', 0, '0000-00-00 00:00:00', 0),
(130, 30, 'Rondônia', 'RON', 'RO', 0, 1, '0000-00-00 00:00:00', 1, '0000-00-00 00:00:00', 0, '0000-00-00 00:00:00', 0),
(131, 30, 'Roraima', 'ROR', 'RR', 0, 1, '0000-00-00 00:00:00', 1, '0000-00-00 00:00:00', 0, '0000-00-00 00:00:00', 0),
(132, 30, 'Santa Catarina', 'SAC', 'SC', 0, 1, '0000-00-00 00:00:00', 1, '0000-00-00 00:00:00', 0, '0000-00-00 00:00:00', 0),
(133, 30, 'Sergipe', 'SER', 'SE', 0, 1, '0000-00-00 00:00:00', 1, '0000-00-00 00:00:00', 0, '0000-00-00 00:00:00', 0),
(134, 30, 'São Paulo', 'SAP', 'SP', 0, 1, '0000-00-00 00:00:00', 1, '0000-00-00 00:00:00', 0, '0000-00-00 00:00:00', 0),
(135, 30, 'Tocantins', 'TOC', 'TO', 0, 1, '0000-00-00 00:00:00', 1, '0000-00-00 00:00:00', 0, '0000-00-00 00:00:00', 0),
(136, 44, 'Anhui', 'ANH', '34', 0, 1, '0000-00-00 00:00:00', 1, '0000-00-00 00:00:00', 0, '0000-00-00 00:00:00', 0),
(137, 44, 'Beijing', 'BEI', '11', 0, 1, '0000-00-00 00:00:00', 1, '0000-00-00 00:00:00', 0, '0000-00-00 00:00:00', 0),
(138, 44, 'Chongqing', 'CHO', '50', 0, 1, '0000-00-00 00:00:00', 1, '0000-00-00 00:00:00', 0, '0000-00-00 00:00:00', 0),
(139, 44, 'Fujian', 'FUJ', '35', 0, 1, '0000-00-00 00:00:00', 1, '0000-00-00 00:00:00', 0, '0000-00-00 00:00:00', 0),
(140, 44, 'Gansu', 'GAN', '62', 0, 1, '0000-00-00 00:00:00', 1, '0000-00-00 00:00:00', 0, '0000-00-00 00:00:00', 0),
(141, 44, 'Guangdong', 'GUA', '44', 0, 1, '0000-00-00 00:00:00', 1, '0000-00-00 00:00:00', 0, '0000-00-00 00:00:00', 0),
(142, 44, 'Guangxi Zhuang', 'GUZ', '45', 0, 1, '0000-00-00 00:00:00', 1, '0000-00-00 00:00:00', 0, '0000-00-00 00:00:00', 0),
(143, 44, 'Guizhou', 'GUI', '52', 0, 1, '0000-00-00 00:00:00', 1, '0000-00-00 00:00:00', 0, '0000-00-00 00:00:00', 0),
(144, 44, 'Hainan', 'HAI', '46', 0, 1, '0000-00-00 00:00:00', 1, '0000-00-00 00:00:00', 0, '0000-00-00 00:00:00', 0),
(145, 44, 'Hebei', 'HEB', '13', 0, 1, '0000-00-00 00:00:00', 1, '0000-00-00 00:00:00', 0, '0000-00-00 00:00:00', 0),
(146, 44, 'Heilongjiang', 'HEI', '23', 0, 1, '0000-00-00 00:00:00', 1, '0000-00-00 00:00:00', 0, '0000-00-00 00:00:00', 0),
(147, 44, 'Henan', 'HEN', '41', 0, 1, '0000-00-00 00:00:00', 1, '0000-00-00 00:00:00', 0, '0000-00-00 00:00:00', 0),
(148, 44, 'Hubei', 'HUB', '42', 0, 1, '0000-00-00 00:00:00', 1, '0000-00-00 00:00:00', 0, '0000-00-00 00:00:00', 0),
(149, 44, 'Hunan', 'HUN', '43', 0, 1, '0000-00-00 00:00:00', 1, '0000-00-00 00:00:00', 0, '0000-00-00 00:00:00', 0),
(150, 44, 'Jiangsu', 'JIA', '32', 0, 1, '0000-00-00 00:00:00', 1, '0000-00-00 00:00:00', 0, '0000-00-00 00:00:00', 0),
(151, 44, 'Jiangxi', 'JIX', '36', 0, 1, '0000-00-00 00:00:00', 1, '0000-00-00 00:00:00', 0, '0000-00-00 00:00:00', 0),
(152, 44, 'Jilin', 'JIL', '22', 0, 1, '0000-00-00 00:00:00', 1, '0000-00-00 00:00:00', 0, '0000-00-00 00:00:00', 0),
(153, 44, 'Liaoning', 'LIA', '21', 0, 1, '0000-00-00 00:00:00', 1, '0000-00-00 00:00:00', 0, '0000-00-00 00:00:00', 0),
(154, 44, 'Nei Mongol', 'NML', '15', 0, 1, '0000-00-00 00:00:00', 1, '0000-00-00 00:00:00', 0, '0000-00-00 00:00:00', 0),
(155, 44, 'Ningxia Hui', 'NIH', '64', 0, 1, '0000-00-00 00:00:00', 1, '0000-00-00 00:00:00', 0, '0000-00-00 00:00:00', 0),
(156, 44, 'Qinghai', 'QIN', '63', 0, 1, '0000-00-00 00:00:00', 1, '0000-00-00 00:00:00', 0, '0000-00-00 00:00:00', 0),
(157, 44, 'Shandong', 'SNG', '37', 0, 1, '0000-00-00 00:00:00', 1, '0000-00-00 00:00:00', 0, '0000-00-00 00:00:00', 0),
(158, 44, 'Shanghai', 'SHH', '31', 0, 1, '0000-00-00 00:00:00', 1, '0000-00-00 00:00:00', 0, '0000-00-00 00:00:00', 0),
(159, 44, 'Shaanxi', 'SHX', '61', 0, 1, '0000-00-00 00:00:00', 1, '0000-00-00 00:00:00', 0, '0000-00-00 00:00:00', 0),
(160, 44, 'Sichuan', 'SIC', '51', 0, 1, '0000-00-00 00:00:00', 1, '0000-00-00 00:00:00', 0, '0000-00-00 00:00:00', 0),
(161, 44, 'Tianjin', 'TIA', '12', 0, 1, '0000-00-00 00:00:00', 1, '0000-00-00 00:00:00', 0, '0000-00-00 00:00:00', 0),
(162, 44, 'Xinjiang Uygur', 'XIU', '65', 0, 1, '0000-00-00 00:00:00', 1, '0000-00-00 00:00:00', 0, '0000-00-00 00:00:00', 0),
(163, 44, 'Xizang', 'XIZ', '54', 0, 1, '0000-00-00 00:00:00', 1, '0000-00-00 00:00:00', 0, '0000-00-00 00:00:00', 0),
(164, 44, 'Yunnan', 'YUN', '53', 0, 1, '0000-00-00 00:00:00', 1, '0000-00-00 00:00:00', 0, '0000-00-00 00:00:00', 0),
(165, 44, 'Zhejiang', 'ZHE', '33', 0, 1, '0000-00-00 00:00:00', 1, '0000-00-00 00:00:00', 0, '0000-00-00 00:00:00', 0),
(166, 104, 'Israel', 'ISL', 'IL', 0, 1, '0000-00-00 00:00:00', 1, '0000-00-00 00:00:00', 0, '0000-00-00 00:00:00', 0),
(167, 104, 'Gaza Strip', 'GZS', 'GZ', 0, 1, '0000-00-00 00:00:00', 1, '0000-00-00 00:00:00', 0, '0000-00-00 00:00:00', 0),
(168, 104, 'West Bank', 'WBK', 'WB', 0, 1, '0000-00-00 00:00:00', 1, '0000-00-00 00:00:00', 0, '0000-00-00 00:00:00', 0),
(169, 151, 'St. Maarten', 'STM', 'SM', 0, 1, '0000-00-00 00:00:00', 1, '0000-00-00 00:00:00', 0, '0000-00-00 00:00:00', 0),
(170, 151, 'Bonaire', 'BNR', 'BN', 0, 1, '0000-00-00 00:00:00', 1, '0000-00-00 00:00:00', 0, '0000-00-00 00:00:00', 0),
(171, 151, 'Curacao', 'CUR', 'CR', 0, 1, '0000-00-00 00:00:00', 1, '0000-00-00 00:00:00', 0, '0000-00-00 00:00:00', 0),
(172, 175, 'Alba', 'ABA', 'AB', 0, 1, '0000-00-00 00:00:00', 1, '0000-00-00 00:00:00', 0, '0000-00-00 00:00:00', 0),
(173, 175, 'Arad', 'ARD', 'AR', 0, 1, '0000-00-00 00:00:00', 1, '0000-00-00 00:00:00', 0, '0000-00-00 00:00:00', 0),
(174, 175, 'Arges', 'ARG', 'AG', 0, 1, '0000-00-00 00:00:00', 1, '0000-00-00 00:00:00', 0, '0000-00-00 00:00:00', 0),
(175, 175, 'Bacau', 'BAC', 'BC', 0, 1, '0000-00-00 00:00:00', 1, '0000-00-00 00:00:00', 0, '0000-00-00 00:00:00', 0),
(176, 175, 'Bihor', 'BIH', 'BH', 0, 1, '0000-00-00 00:00:00', 1, '0000-00-00 00:00:00', 0, '0000-00-00 00:00:00', 0),
(177, 175, 'Bistrita-Nasaud', 'BIS', 'BN', 0, 1, '0000-00-00 00:00:00', 1, '0000-00-00 00:00:00', 0, '0000-00-00 00:00:00', 0),
(178, 175, 'Botosani', 'BOT', 'BT', 0, 1, '0000-00-00 00:00:00', 1, '0000-00-00 00:00:00', 0, '0000-00-00 00:00:00', 0),
(179, 175, 'Braila', 'BRL', 'BR', 0, 1, '0000-00-00 00:00:00', 1, '0000-00-00 00:00:00', 0, '0000-00-00 00:00:00', 0),
(180, 175, 'Brasov', 'BRA', 'BV', 0, 1, '0000-00-00 00:00:00', 1, '0000-00-00 00:00:00', 0, '0000-00-00 00:00:00', 0),
(181, 175, 'Bucuresti', 'BUC', 'B', 0, 1, '0000-00-00 00:00:00', 1, '0000-00-00 00:00:00', 0, '0000-00-00 00:00:00', 0),
(182, 175, 'Buzau', 'BUZ', 'BZ', 0, 1, '0000-00-00 00:00:00', 1, '0000-00-00 00:00:00', 0, '0000-00-00 00:00:00', 0),
(183, 175, 'Calarasi', 'CAL', 'CL', 0, 1, '0000-00-00 00:00:00', 1, '0000-00-00 00:00:00', 0, '0000-00-00 00:00:00', 0),
(184, 175, 'Caras Severin', 'CRS', 'CS', 0, 1, '0000-00-00 00:00:00', 1, '0000-00-00 00:00:00', 0, '0000-00-00 00:00:00', 0),
(185, 175, 'Cluj', 'CLJ', 'CJ', 0, 1, '0000-00-00 00:00:00', 1, '0000-00-00 00:00:00', 0, '0000-00-00 00:00:00', 0),
(186, 175, 'Constanta', 'CST', 'CT', 0, 1, '0000-00-00 00:00:00', 1, '0000-00-00 00:00:00', 0, '0000-00-00 00:00:00', 0),
(187, 175, 'Covasna', 'COV', 'CV', 0, 1, '0000-00-00 00:00:00', 1, '0000-00-00 00:00:00', 0, '0000-00-00 00:00:00', 0),
(188, 175, 'Dambovita', 'DAM', 'DB', 0, 1, '0000-00-00 00:00:00', 1, '0000-00-00 00:00:00', 0, '0000-00-00 00:00:00', 0),
(189, 175, 'Dolj', 'DLJ', 'DJ', 0, 1, '0000-00-00 00:00:00', 1, '0000-00-00 00:00:00', 0, '0000-00-00 00:00:00', 0),
(190, 175, 'Galati', 'GAL', 'GL', 0, 1, '0000-00-00 00:00:00', 1, '0000-00-00 00:00:00', 0, '0000-00-00 00:00:00', 0),
(191, 175, 'Giurgiu', 'GIU', 'GR', 0, 1, '0000-00-00 00:00:00', 1, '0000-00-00 00:00:00', 0, '0000-00-00 00:00:00', 0),
(192, 175, 'Gorj', 'GOR', 'GJ', 0, 1, '0000-00-00 00:00:00', 1, '0000-00-00 00:00:00', 0, '0000-00-00 00:00:00', 0),
(193, 175, 'Hargita', 'HRG', 'HR', 0, 1, '0000-00-00 00:00:00', 1, '0000-00-00 00:00:00', 0, '0000-00-00 00:00:00', 0),
(194, 175, 'Hunedoara', 'HUN', 'HD', 0, 1, '0000-00-00 00:00:00', 1, '0000-00-00 00:00:00', 0, '0000-00-00 00:00:00', 0),
(195, 175, 'Ialomita', 'IAL', 'IL', 0, 1, '0000-00-00 00:00:00', 1, '0000-00-00 00:00:00', 0, '0000-00-00 00:00:00', 0),
(196, 175, 'Iasi', 'IAS', 'IS', 0, 1, '0000-00-00 00:00:00', 1, '0000-00-00 00:00:00', 0, '0000-00-00 00:00:00', 0),
(197, 175, 'Ilfov', 'ILF', 'IF', 0, 1, '0000-00-00 00:00:00', 1, '0000-00-00 00:00:00', 0, '0000-00-00 00:00:00', 0),
(198, 175, 'Maramures', 'MAR', 'MM', 0, 1, '0000-00-00 00:00:00', 1, '0000-00-00 00:00:00', 0, '0000-00-00 00:00:00', 0),
(199, 175, 'Mehedinti', 'MEH', 'MH', 0, 1, '0000-00-00 00:00:00', 1, '0000-00-00 00:00:00', 0, '0000-00-00 00:00:00', 0),
(200, 175, 'Mures', 'MUR', 'MS', 0, 1, '0000-00-00 00:00:00', 1, '0000-00-00 00:00:00', 0, '0000-00-00 00:00:00', 0),
(201, 175, 'Neamt', 'NEM', 'NT', 0, 1, '0000-00-00 00:00:00', 1, '0000-00-00 00:00:00', 0, '0000-00-00 00:00:00', 0),
(202, 175, 'Olt', 'OLT', 'OT', 0, 1, '0000-00-00 00:00:00', 1, '0000-00-00 00:00:00', 0, '0000-00-00 00:00:00', 0),
(203, 175, 'Prahova', 'PRA', 'PH', 0, 1, '0000-00-00 00:00:00', 1, '0000-00-00 00:00:00', 0, '0000-00-00 00:00:00', 0),
(204, 175, 'Salaj', 'SAL', 'SJ', 0, 1, '0000-00-00 00:00:00', 1, '0000-00-00 00:00:00', 0, '0000-00-00 00:00:00', 0),
(205, 175, 'Satu Mare', 'SAT', 'SM', 0, 1, '0000-00-00 00:00:00', 1, '0000-00-00 00:00:00', 0, '0000-00-00 00:00:00', 0),
(206, 175, 'Sibiu', 'SIB', 'SB', 0, 1, '0000-00-00 00:00:00', 1, '0000-00-00 00:00:00', 0, '0000-00-00 00:00:00', 0),
(207, 175, 'Suceava', 'SUC', 'SV', 0, 1, '0000-00-00 00:00:00', 1, '0000-00-00 00:00:00', 0, '0000-00-00 00:00:00', 0),
(208, 175, 'Teleorman', 'TEL', 'TR', 0, 1, '0000-00-00 00:00:00', 1, '0000-00-00 00:00:00', 0, '0000-00-00 00:00:00', 0),
(209, 175, 'Timis', 'TIM', 'TM', 0, 1, '0000-00-00 00:00:00', 1, '0000-00-00 00:00:00', 0, '0000-00-00 00:00:00', 0),
(210, 175, 'Tulcea', 'TUL', 'TL', 0, 1, '0000-00-00 00:00:00', 1, '0000-00-00 00:00:00', 0, '0000-00-00 00:00:00', 0),
(211, 175, 'Valcea', 'VAL', 'VL', 0, 1, '0000-00-00 00:00:00', 1, '0000-00-00 00:00:00', 0, '0000-00-00 00:00:00', 0),
(212, 175, 'Vaslui', 'VAS', 'VS', 0, 1, '0000-00-00 00:00:00', 1, '0000-00-00 00:00:00', 0, '0000-00-00 00:00:00', 0),
(213, 175, 'Vrancea', 'VRA', 'VN', 0, 1, '0000-00-00 00:00:00', 1, '0000-00-00 00:00:00', 0, '0000-00-00 00:00:00', 0),
(214, 105, 'Agrigento', 'AGR', 'AG', 0, 1, '0000-00-00 00:00:00', 1, '0000-00-00 00:00:00', 0, '0000-00-00 00:00:00', 0),
(215, 105, 'Alessandria', 'ALE', 'AL', 0, 1, '0000-00-00 00:00:00', 1, '0000-00-00 00:00:00', 0, '0000-00-00 00:00:00', 0),
(216, 105, 'Ancona', 'ANC', 'AN', 0, 1, '0000-00-00 00:00:00', 1, '0000-00-00 00:00:00', 0, '0000-00-00 00:00:00', 0),
(217, 105, 'Aosta', 'AOS', 'AO', 0, 1, '0000-00-00 00:00:00', 1, '0000-00-00 00:00:00', 0, '0000-00-00 00:00:00', 0),
(218, 105, 'Arezzo', 'ARE', 'AR', 0, 1, '0000-00-00 00:00:00', 1, '0000-00-00 00:00:00', 0, '0000-00-00 00:00:00', 0),
(219, 105, 'Ascoli Piceno', 'API', 'AP', 0, 1, '0000-00-00 00:00:00', 1, '0000-00-00 00:00:00', 0, '0000-00-00 00:00:00', 0),
(220, 105, 'Asti', 'AST', 'AT', 0, 1, '0000-00-00 00:00:00', 1, '0000-00-00 00:00:00', 0, '0000-00-00 00:00:00', 0),
(221, 105, 'Avellino', 'AVE', 'AV', 0, 1, '0000-00-00 00:00:00', 1, '0000-00-00 00:00:00', 0, '0000-00-00 00:00:00', 0),
(222, 105, 'Bari', 'BAR', 'BA', 0, 1, '0000-00-00 00:00:00', 1, '0000-00-00 00:00:00', 0, '0000-00-00 00:00:00', 0),
(223, 105, 'Belluno', 'BEL', 'BL', 0, 1, '0000-00-00 00:00:00', 1, '0000-00-00 00:00:00', 0, '0000-00-00 00:00:00', 0),
(224, 105, 'Benevento', 'BEN', 'BN', 0, 1, '0000-00-00 00:00:00', 1, '0000-00-00 00:00:00', 0, '0000-00-00 00:00:00', 0),
(225, 105, 'Bergamo', 'BEG', 'BG', 0, 1, '0000-00-00 00:00:00', 1, '0000-00-00 00:00:00', 0, '0000-00-00 00:00:00', 0),
(226, 105, 'Biella', 'BIE', 'BI', 0, 1, '0000-00-00 00:00:00', 1, '0000-00-00 00:00:00', 0, '0000-00-00 00:00:00', 0),
(227, 105, 'Bologna', 'BOL', 'BO', 0, 1, '0000-00-00 00:00:00', 1, '0000-00-00 00:00:00', 0, '0000-00-00 00:00:00', 0),
(228, 105, 'Bolzano', 'BOZ', 'BZ', 0, 1, '0000-00-00 00:00:00', 1, '0000-00-00 00:00:00', 0, '0000-00-00 00:00:00', 0),
(229, 105, 'Brescia', 'BRE', 'BS', 0, 1, '0000-00-00 00:00:00', 1, '0000-00-00 00:00:00', 0, '0000-00-00 00:00:00', 0),
(230, 105, 'Brindisi', 'BRI', 'BR', 0, 1, '0000-00-00 00:00:00', 1, '0000-00-00 00:00:00', 0, '0000-00-00 00:00:00', 0),
(231, 105, 'Cagliari', 'CAG', 'CA', 0, 1, '0000-00-00 00:00:00', 1, '0000-00-00 00:00:00', 0, '0000-00-00 00:00:00', 0),
(232, 105, 'Caltanissetta', 'CAL', 'CL', 0, 1, '0000-00-00 00:00:00', 1, '0000-00-00 00:00:00', 0, '0000-00-00 00:00:00', 0),
(233, 105, 'Campobasso', 'CBO', 'CB', 0, 1, '0000-00-00 00:00:00', 1, '0000-00-00 00:00:00', 0, '0000-00-00 00:00:00', 0),
(234, 105, 'Carbonia-Iglesias', 'CAR', 'CI', 0, 1, '0000-00-00 00:00:00', 1, '0000-00-00 00:00:00', 0, '0000-00-00 00:00:00', 0),
(235, 105, 'Caserta', 'CAS', 'CE', 0, 1, '0000-00-00 00:00:00', 1, '0000-00-00 00:00:00', 0, '0000-00-00 00:00:00', 0),
(236, 105, 'Catania', 'CAT', 'CT', 0, 1, '0000-00-00 00:00:00', 1, '0000-00-00 00:00:00', 0, '0000-00-00 00:00:00', 0),
(237, 105, 'Catanzaro', 'CTZ', 'CZ', 0, 1, '0000-00-00 00:00:00', 1, '0000-00-00 00:00:00', 0, '0000-00-00 00:00:00', 0),
(238, 105, 'Chieti', 'CHI', 'CH', 0, 1, '0000-00-00 00:00:00', 1, '0000-00-00 00:00:00', 0, '0000-00-00 00:00:00', 0),
(239, 105, 'Como', 'COM', 'CO', 0, 1, '0000-00-00 00:00:00', 1, '0000-00-00 00:00:00', 0, '0000-00-00 00:00:00', 0),
(240, 105, 'Cosenza', 'COS', 'CS', 0, 1, '0000-00-00 00:00:00', 1, '0000-00-00 00:00:00', 0, '0000-00-00 00:00:00', 0),
(241, 105, 'Cremona', 'CRE', 'CR', 0, 1, '0000-00-00 00:00:00', 1, '0000-00-00 00:00:00', 0, '0000-00-00 00:00:00', 0),
(242, 105, 'Crotone', 'CRO', 'KR', 0, 1, '0000-00-00 00:00:00', 1, '0000-00-00 00:00:00', 0, '0000-00-00 00:00:00', 0),
(243, 105, 'Cuneo', 'CUN', 'CN', 0, 1, '0000-00-00 00:00:00', 1, '0000-00-00 00:00:00', 0, '0000-00-00 00:00:00', 0),
(244, 105, 'Enna', 'ENN', 'EN', 0, 1, '0000-00-00 00:00:00', 1, '0000-00-00 00:00:00', 0, '0000-00-00 00:00:00', 0),
(245, 105, 'Ferrara', 'FER', 'FE', 0, 1, '0000-00-00 00:00:00', 1, '0000-00-00 00:00:00', 0, '0000-00-00 00:00:00', 0),
(246, 105, 'Firenze', 'FIR', 'FI', 0, 1, '0000-00-00 00:00:00', 1, '0000-00-00 00:00:00', 0, '0000-00-00 00:00:00', 0),
(247, 105, 'Foggia', 'FOG', 'FG', 0, 1, '0000-00-00 00:00:00', 1, '0000-00-00 00:00:00', 0, '0000-00-00 00:00:00', 0),
(248, 105, 'Forli-Cesena', 'FOC', 'FC', 0, 1, '0000-00-00 00:00:00', 1, '0000-00-00 00:00:00', 0, '0000-00-00 00:00:00', 0),
(249, 105, 'Frosinone', 'FRO', 'FR', 0, 1, '0000-00-00 00:00:00', 1, '0000-00-00 00:00:00', 0, '0000-00-00 00:00:00', 0),
(250, 105, 'Genova', 'GEN', 'GE', 0, 1, '0000-00-00 00:00:00', 1, '0000-00-00 00:00:00', 0, '0000-00-00 00:00:00', 0),
(251, 105, 'Gorizia', 'GOR', 'GO', 0, 1, '0000-00-00 00:00:00', 1, '0000-00-00 00:00:00', 0, '0000-00-00 00:00:00', 0),
(252, 105, 'Grosseto', 'GRO', 'GR', 0, 1, '0000-00-00 00:00:00', 1, '0000-00-00 00:00:00', 0, '0000-00-00 00:00:00', 0),
(253, 105, 'Imperia', 'IMP', 'IM', 0, 1, '0000-00-00 00:00:00', 1, '0000-00-00 00:00:00', 0, '0000-00-00 00:00:00', 0),
(254, 105, 'Isernia', 'ISE', 'IS', 0, 1, '0000-00-00 00:00:00', 1, '0000-00-00 00:00:00', 0, '0000-00-00 00:00:00', 0),
(255, 105, 'L''Aquila', 'AQU', 'AQ', 0, 1, '0000-00-00 00:00:00', 1, '0000-00-00 00:00:00', 0, '0000-00-00 00:00:00', 0),
(256, 105, 'La Spezia', 'LAS', 'SP', 0, 1, '0000-00-00 00:00:00', 1, '0000-00-00 00:00:00', 0, '0000-00-00 00:00:00', 0),
(257, 105, 'Latina', 'LAT', 'LT', 0, 1, '0000-00-00 00:00:00', 1, '0000-00-00 00:00:00', 0, '0000-00-00 00:00:00', 0),
(258, 105, 'Lecce', 'LEC', 'LE', 0, 1, '0000-00-00 00:00:00', 1, '0000-00-00 00:00:00', 0, '0000-00-00 00:00:00', 0),
(259, 105, 'Lecco', 'LCC', 'LC', 0, 1, '0000-00-00 00:00:00', 1, '0000-00-00 00:00:00', 0, '0000-00-00 00:00:00', 0),
(260, 105, 'Livorno', 'LIV', 'LI', 0, 1, '0000-00-00 00:00:00', 1, '0000-00-00 00:00:00', 0, '0000-00-00 00:00:00', 0),
(261, 105, 'Lodi', 'LOD', 'LO', 0, 1, '0000-00-00 00:00:00', 1, '0000-00-00 00:00:00', 0, '0000-00-00 00:00:00', 0),
(262, 105, 'Lucca', 'LUC', 'LU', 0, 1, '0000-00-00 00:00:00', 1, '0000-00-00 00:00:00', 0, '0000-00-00 00:00:00', 0),
(263, 105, 'Macerata', 'MAC', 'MC', 0, 1, '0000-00-00 00:00:00', 1, '0000-00-00 00:00:00', 0, '0000-00-00 00:00:00', 0),
(264, 105, 'Mantova', 'MAN', 'MN', 0, 1, '0000-00-00 00:00:00', 1, '0000-00-00 00:00:00', 0, '0000-00-00 00:00:00', 0),
(265, 105, 'Massa-Carrara', 'MAS', 'MS', 0, 1, '0000-00-00 00:00:00', 1, '0000-00-00 00:00:00', 0, '0000-00-00 00:00:00', 0),
(266, 105, 'Matera', 'MAA', 'MT', 0, 1, '0000-00-00 00:00:00', 1, '0000-00-00 00:00:00', 0, '0000-00-00 00:00:00', 0),
(267, 105, 'Medio Campidano', 'MED', 'VS', 0, 1, '0000-00-00 00:00:00', 1, '0000-00-00 00:00:00', 0, '0000-00-00 00:00:00', 0),
(268, 105, 'Messina', 'MES', 'ME', 0, 1, '0000-00-00 00:00:00', 1, '0000-00-00 00:00:00', 0, '0000-00-00 00:00:00', 0),
(269, 105, 'Milano', 'MIL', 'MI', 0, 1, '0000-00-00 00:00:00', 1, '0000-00-00 00:00:00', 0, '0000-00-00 00:00:00', 0),
(270, 105, 'Modena', 'MOD', 'MO', 0, 1, '0000-00-00 00:00:00', 1, '0000-00-00 00:00:00', 0, '0000-00-00 00:00:00', 0),
(271, 105, 'Napoli', 'NAP', 'NA', 0, 1, '0000-00-00 00:00:00', 1, '0000-00-00 00:00:00', 0, '0000-00-00 00:00:00', 0),
(272, 105, 'Novara', 'NOV', 'NO', 0, 1, '0000-00-00 00:00:00', 1, '0000-00-00 00:00:00', 0, '0000-00-00 00:00:00', 0),
(273, 105, 'Nuoro', 'NUR', 'NU', 0, 1, '0000-00-00 00:00:00', 1, '0000-00-00 00:00:00', 0, '0000-00-00 00:00:00', 0),
(274, 105, 'Ogliastra', 'OGL', 'OG', 0, 1, '0000-00-00 00:00:00', 1, '0000-00-00 00:00:00', 0, '0000-00-00 00:00:00', 0),
(275, 105, 'Olbia-Tempio', 'OLB', 'OT', 0, 1, '0000-00-00 00:00:00', 1, '0000-00-00 00:00:00', 0, '0000-00-00 00:00:00', 0),
(276, 105, 'Oristano', 'ORI', 'OR', 0, 1, '0000-00-00 00:00:00', 1, '0000-00-00 00:00:00', 0, '0000-00-00 00:00:00', 0),
(277, 105, 'Padova', 'PDA', 'PD', 0, 1, '0000-00-00 00:00:00', 1, '0000-00-00 00:00:00', 0, '0000-00-00 00:00:00', 0),
(278, 105, 'Palermo', 'PAL', 'PA', 0, 1, '0000-00-00 00:00:00', 1, '0000-00-00 00:00:00', 0, '0000-00-00 00:00:00', 0),
(279, 105, 'Parma', 'PAA', 'PR', 0, 1, '0000-00-00 00:00:00', 1, '0000-00-00 00:00:00', 0, '0000-00-00 00:00:00', 0),
(280, 105, 'Pavia', 'PAV', 'PV', 0, 1, '0000-00-00 00:00:00', 1, '0000-00-00 00:00:00', 0, '0000-00-00 00:00:00', 0),
(281, 105, 'Perugia', 'PER', 'PG', 0, 1, '0000-00-00 00:00:00', 1, '0000-00-00 00:00:00', 0, '0000-00-00 00:00:00', 0),
(282, 105, 'Pesaro e Urbino', 'PES', 'PU', 0, 1, '0000-00-00 00:00:00', 1, '0000-00-00 00:00:00', 0, '0000-00-00 00:00:00', 0),
(283, 105, 'Pescara', 'PSC', 'PE', 0, 1, '0000-00-00 00:00:00', 1, '0000-00-00 00:00:00', 0, '0000-00-00 00:00:00', 0),
(284, 105, 'Piacenza', 'PIA', 'PC', 0, 1, '0000-00-00 00:00:00', 1, '0000-00-00 00:00:00', 0, '0000-00-00 00:00:00', 0),
(285, 105, 'Pisa', 'PIS', 'PI', 0, 1, '0000-00-00 00:00:00', 1, '0000-00-00 00:00:00', 0, '0000-00-00 00:00:00', 0),
(286, 105, 'Pistoia', 'PIT', 'PT', 0, 1, '0000-00-00 00:00:00', 1, '0000-00-00 00:00:00', 0, '0000-00-00 00:00:00', 0),
(287, 105, 'Pordenone', 'POR', 'PN', 0, 1, '0000-00-00 00:00:00', 1, '0000-00-00 00:00:00', 0, '0000-00-00 00:00:00', 0),
(288, 105, 'Potenza', 'PTZ', 'PZ', 0, 1, '0000-00-00 00:00:00', 1, '0000-00-00 00:00:00', 0, '0000-00-00 00:00:00', 0),
(289, 105, 'Prato', 'PRA', 'PO', 0, 1, '0000-00-00 00:00:00', 1, '0000-00-00 00:00:00', 0, '0000-00-00 00:00:00', 0),
(290, 105, 'Ragusa', 'RAG', 'RG', 0, 1, '0000-00-00 00:00:00', 1, '0000-00-00 00:00:00', 0, '0000-00-00 00:00:00', 0),
(291, 105, 'Ravenna', 'RAV', 'RA', 0, 1, '0000-00-00 00:00:00', 1, '0000-00-00 00:00:00', 0, '0000-00-00 00:00:00', 0),
(292, 105, 'Reggio Calabria', 'REG', 'RC', 0, 1, '0000-00-00 00:00:00', 1, '0000-00-00 00:00:00', 0, '0000-00-00 00:00:00', 0),
(293, 105, 'Reggio Emilia', 'REE', 'RE', 0, 1, '0000-00-00 00:00:00', 1, '0000-00-00 00:00:00', 0, '0000-00-00 00:00:00', 0),
(294, 105, 'Rieti', 'RIE', 'RI', 0, 1, '0000-00-00 00:00:00', 1, '0000-00-00 00:00:00', 0, '0000-00-00 00:00:00', 0),
(295, 105, 'Rimini', 'RIM', 'RN', 0, 1, '0000-00-00 00:00:00', 1, '0000-00-00 00:00:00', 0, '0000-00-00 00:00:00', 0),
(296, 105, 'Roma', 'ROM', 'RM', 0, 1, '0000-00-00 00:00:00', 1, '0000-00-00 00:00:00', 0, '0000-00-00 00:00:00', 0),
(297, 105, 'Rovigo', 'ROV', 'RO', 0, 1, '0000-00-00 00:00:00', 1, '0000-00-00 00:00:00', 0, '0000-00-00 00:00:00', 0),
(298, 105, 'Salerno', 'SAL', 'SA', 0, 1, '0000-00-00 00:00:00', 1, '0000-00-00 00:00:00', 0, '0000-00-00 00:00:00', 0),
(299, 105, 'Sassari', 'SAS', 'SS', 0, 1, '0000-00-00 00:00:00', 1, '0000-00-00 00:00:00', 0, '0000-00-00 00:00:00', 0),
(300, 105, 'Savona', 'SAV', 'SV', 0, 1, '0000-00-00 00:00:00', 1, '0000-00-00 00:00:00', 0, '0000-00-00 00:00:00', 0),
(301, 105, 'Siena', 'SIE', 'SI', 0, 1, '0000-00-00 00:00:00', 1, '0000-00-00 00:00:00', 0, '0000-00-00 00:00:00', 0),
(302, 105, 'Siracusa', 'SIR', 'SR', 0, 1, '0000-00-00 00:00:00', 1, '0000-00-00 00:00:00', 0, '0000-00-00 00:00:00', 0),
(303, 105, 'Sondrio', 'SOO', 'SO', 0, 1, '0000-00-00 00:00:00', 1, '0000-00-00 00:00:00', 0, '0000-00-00 00:00:00', 0),
(304, 105, 'Taranto', 'TAR', 'TA', 0, 1, '0000-00-00 00:00:00', 1, '0000-00-00 00:00:00', 0, '0000-00-00 00:00:00', 0),
(305, 105, 'Teramo', 'TER', 'TE', 0, 1, '0000-00-00 00:00:00', 1, '0000-00-00 00:00:00', 0, '0000-00-00 00:00:00', 0),
(306, 105, 'Terni', 'TRN', 'TR', 0, 1, '0000-00-00 00:00:00', 1, '0000-00-00 00:00:00', 0, '0000-00-00 00:00:00', 0),
(307, 105, 'Torino', 'TOR', 'TO', 0, 1, '0000-00-00 00:00:00', 1, '0000-00-00 00:00:00', 0, '0000-00-00 00:00:00', 0),
(308, 105, 'Trapani', 'TRA', 'TP', 0, 1, '0000-00-00 00:00:00', 1, '0000-00-00 00:00:00', 0, '0000-00-00 00:00:00', 0),
(309, 105, 'Trento', 'TRE', 'TN', 0, 1, '0000-00-00 00:00:00', 1, '0000-00-00 00:00:00', 0, '0000-00-00 00:00:00', 0),
(310, 105, 'Treviso', 'TRV', 'TV', 0, 1, '0000-00-00 00:00:00', 1, '0000-00-00 00:00:00', 0, '0000-00-00 00:00:00', 0),
(311, 105, 'Trieste', 'TRI', 'TS', 0, 1, '0000-00-00 00:00:00', 1, '0000-00-00 00:00:00', 0, '0000-00-00 00:00:00', 0),
(312, 105, 'Udine', 'UDI', 'UD', 0, 1, '0000-00-00 00:00:00', 1, '0000-00-00 00:00:00', 0, '0000-00-00 00:00:00', 0),
(313, 105, 'Varese', 'VAR', 'VA', 0, 1, '0000-00-00 00:00:00', 1, '0000-00-00 00:00:00', 0, '0000-00-00 00:00:00', 0),
(314, 105, 'Venezia', 'VEN', 'VE', 0, 1, '0000-00-00 00:00:00', 1, '0000-00-00 00:00:00', 0, '0000-00-00 00:00:00', 0),
(315, 105, 'Verbano Cusio Ossola', 'VCO', 'VB', 0, 1, '0000-00-00 00:00:00', 1, '0000-00-00 00:00:00', 0, '0000-00-00 00:00:00', 0),
(316, 105, 'Vercelli', 'VER', 'VC', 0, 1, '0000-00-00 00:00:00', 1, '0000-00-00 00:00:00', 0, '0000-00-00 00:00:00', 0),
(317, 105, 'Verona', 'VRN', 'VR', 0, 1, '0000-00-00 00:00:00', 1, '0000-00-00 00:00:00', 0, '0000-00-00 00:00:00', 0),
(318, 105, 'Vibo Valenzia', 'VIV', 'VV', 0, 1, '0000-00-00 00:00:00', 1, '0000-00-00 00:00:00', 0, '0000-00-00 00:00:00', 0),
(319, 105, 'Vicenza', 'VII', 'VI', 0, 1, '0000-00-00 00:00:00', 1, '0000-00-00 00:00:00', 0, '0000-00-00 00:00:00', 0),
(320, 105, 'Viterbo', 'VIT', 'VT', 0, 1, '0000-00-00 00:00:00', 1, '0000-00-00 00:00:00', 0, '0000-00-00 00:00:00', 0),
(321, 195, 'A Coru', 'ACO', '15', 0, 1, '0000-00-00 00:00:00', 1, '0000-00-00 00:00:00', 0, '0000-00-00 00:00:00', 0),
(322, 195, 'Alava', 'ALA', '01', 0, 1, '0000-00-00 00:00:00', 1, '0000-00-00 00:00:00', 0, '0000-00-00 00:00:00', 0),
(323, 195, 'Albacete', 'ALB', '02', 0, 1, '0000-00-00 00:00:00', 1, '0000-00-00 00:00:00', 0, '0000-00-00 00:00:00', 0),
(324, 195, 'Alicante', 'ALI', '03', 0, 1, '0000-00-00 00:00:00', 1, '0000-00-00 00:00:00', 0, '0000-00-00 00:00:00', 0),
(325, 195, 'Almeria', 'ALM', '04', 0, 1, '0000-00-00 00:00:00', 1, '0000-00-00 00:00:00', 0, '0000-00-00 00:00:00', 0),
(326, 195, 'Asturias', 'AST', '33', 0, 1, '0000-00-00 00:00:00', 1, '0000-00-00 00:00:00', 0, '0000-00-00 00:00:00', 0),
(327, 195, 'Avila', 'AVI', '05', 0, 1, '0000-00-00 00:00:00', 1, '0000-00-00 00:00:00', 0, '0000-00-00 00:00:00', 0),
(328, 195, 'Badajoz', 'BAD', '06', 0, 1, '0000-00-00 00:00:00', 1, '0000-00-00 00:00:00', 0, '0000-00-00 00:00:00', 0),
(329, 195, 'Baleares', 'BAL', '07', 0, 1, '0000-00-00 00:00:00', 1, '0000-00-00 00:00:00', 0, '0000-00-00 00:00:00', 0),
(330, 195, 'Barcelona', 'BAR', '08', 0, 1, '0000-00-00 00:00:00', 1, '0000-00-00 00:00:00', 0, '0000-00-00 00:00:00', 0),
(331, 195, 'Burgos', 'BUR', '09', 0, 1, '0000-00-00 00:00:00', 1, '0000-00-00 00:00:00', 0, '0000-00-00 00:00:00', 0),
(332, 195, 'Caceres', 'CAC', '10', 0, 1, '0000-00-00 00:00:00', 1, '0000-00-00 00:00:00', 0, '0000-00-00 00:00:00', 0),
(333, 195, 'Cadiz', 'CAD', '11', 0, 1, '0000-00-00 00:00:00', 1, '0000-00-00 00:00:00', 0, '0000-00-00 00:00:00', 0),
(334, 195, 'Cantabria', 'CAN', '39', 0, 1, '0000-00-00 00:00:00', 1, '0000-00-00 00:00:00', 0, '0000-00-00 00:00:00', 0),
(335, 195, 'Castellon', 'CAS', '12', 0, 1, '0000-00-00 00:00:00', 1, '0000-00-00 00:00:00', 0, '0000-00-00 00:00:00', 0),
(336, 195, 'Ceuta', 'CEU', '51', 0, 1, '0000-00-00 00:00:00', 1, '0000-00-00 00:00:00', 0, '0000-00-00 00:00:00', 0),
(337, 195, 'Ciudad Real', 'CIU', '13', 0, 1, '0000-00-00 00:00:00', 1, '0000-00-00 00:00:00', 0, '0000-00-00 00:00:00', 0),
(338, 195, 'Cordoba', 'COR', '14', 0, 1, '0000-00-00 00:00:00', 1, '0000-00-00 00:00:00', 0, '0000-00-00 00:00:00', 0),
(339, 195, 'Cuenca', 'CUE', '16', 0, 1, '0000-00-00 00:00:00', 1, '0000-00-00 00:00:00', 0, '0000-00-00 00:00:00', 0),
(340, 195, 'Girona', 'GIR', '17', 0, 1, '0000-00-00 00:00:00', 1, '0000-00-00 00:00:00', 0, '0000-00-00 00:00:00', 0),
(341, 195, 'Granada', 'GRA', '18', 0, 1, '0000-00-00 00:00:00', 1, '0000-00-00 00:00:00', 0, '0000-00-00 00:00:00', 0),
(342, 195, 'Guadalajara', 'GUA', '19', 0, 1, '0000-00-00 00:00:00', 1, '0000-00-00 00:00:00', 0, '0000-00-00 00:00:00', 0),
(343, 195, 'Guipuzcoa', 'GUI', '20', 0, 1, '0000-00-00 00:00:00', 1, '0000-00-00 00:00:00', 0, '0000-00-00 00:00:00', 0),
(344, 195, 'Huelva', 'HUL', '21', 0, 1, '0000-00-00 00:00:00', 1, '0000-00-00 00:00:00', 0, '0000-00-00 00:00:00', 0),
(345, 195, 'Huesca', 'HUS', '22', 0, 1, '0000-00-00 00:00:00', 1, '0000-00-00 00:00:00', 0, '0000-00-00 00:00:00', 0),
(346, 195, 'Jaen', 'JAE', '23', 0, 1, '0000-00-00 00:00:00', 1, '0000-00-00 00:00:00', 0, '0000-00-00 00:00:00', 0),
(347, 195, 'La Rioja', 'LRI', '26', 0, 1, '0000-00-00 00:00:00', 1, '0000-00-00 00:00:00', 0, '0000-00-00 00:00:00', 0),
(348, 195, 'Las Palmas', 'LPA', '35', 0, 1, '0000-00-00 00:00:00', 1, '0000-00-00 00:00:00', 0, '0000-00-00 00:00:00', 0),
(349, 195, 'Leon', 'LEO', '24', 0, 1, '0000-00-00 00:00:00', 1, '0000-00-00 00:00:00', 0, '0000-00-00 00:00:00', 0),
(350, 195, 'Lleida', 'LLE', '25', 0, 1, '0000-00-00 00:00:00', 1, '0000-00-00 00:00:00', 0, '0000-00-00 00:00:00', 0),
(351, 195, 'Lugo', 'LUG', '27', 0, 1, '0000-00-00 00:00:00', 1, '0000-00-00 00:00:00', 0, '0000-00-00 00:00:00', 0),
(352, 195, 'Madrid', 'MAD', '28', 0, 1, '0000-00-00 00:00:00', 1, '0000-00-00 00:00:00', 0, '0000-00-00 00:00:00', 0),
(353, 195, 'Malaga', 'MAL', '29', 0, 1, '0000-00-00 00:00:00', 1, '0000-00-00 00:00:00', 0, '0000-00-00 00:00:00', 0),
(354, 195, 'Melilla', 'MEL', '52', 0, 1, '0000-00-00 00:00:00', 1, '0000-00-00 00:00:00', 0, '0000-00-00 00:00:00', 0),
(355, 195, 'Murcia', 'MUR', '30', 0, 1, '0000-00-00 00:00:00', 1, '0000-00-00 00:00:00', 0, '0000-00-00 00:00:00', 0),
(356, 195, 'Navarra', 'NAV', '31', 0, 1, '0000-00-00 00:00:00', 1, '0000-00-00 00:00:00', 0, '0000-00-00 00:00:00', 0),
(357, 195, 'Ourense', 'OUR', '32', 0, 1, '0000-00-00 00:00:00', 1, '0000-00-00 00:00:00', 0, '0000-00-00 00:00:00', 0),
(358, 195, 'Palencia', 'PAL', '34', 0, 1, '0000-00-00 00:00:00', 1, '0000-00-00 00:00:00', 0, '0000-00-00 00:00:00', 0),
(359, 195, 'Pontevedra', 'PON', '36', 0, 1, '0000-00-00 00:00:00', 1, '0000-00-00 00:00:00', 0, '0000-00-00 00:00:00', 0),
(360, 195, 'Salamanca', 'SAL', '37', 0, 1, '0000-00-00 00:00:00', 1, '0000-00-00 00:00:00', 0, '0000-00-00 00:00:00', 0),
(361, 195, 'Santa Cruz de Tenerife', 'SCT', '38', 0, 1, '0000-00-00 00:00:00', 1, '0000-00-00 00:00:00', 0, '0000-00-00 00:00:00', 0),
(362, 195, 'Segovia', 'SEG', '40', 0, 1, '0000-00-00 00:00:00', 1, '0000-00-00 00:00:00', 0, '0000-00-00 00:00:00', 0),
(363, 195, 'Sevilla', 'SEV', '41', 0, 1, '0000-00-00 00:00:00', 1, '0000-00-00 00:00:00', 0, '0000-00-00 00:00:00', 0),
(364, 195, 'Soria', 'SOR', '42', 0, 1, '0000-00-00 00:00:00', 1, '0000-00-00 00:00:00', 0, '0000-00-00 00:00:00', 0),
(365, 195, 'Tarragona', 'TAR', '43', 0, 1, '0000-00-00 00:00:00', 1, '0000-00-00 00:00:00', 0, '0000-00-00 00:00:00', 0),
(366, 195, 'Teruel', 'TER', '44', 0, 1, '0000-00-00 00:00:00', 1, '0000-00-00 00:00:00', 0, '0000-00-00 00:00:00', 0),
(367, 195, 'Toledo', 'TOL', '45', 0, 1, '0000-00-00 00:00:00', 1, '0000-00-00 00:00:00', 0, '0000-00-00 00:00:00', 0),
(368, 195, 'Valencia', 'VAL', '46', 0, 1, '0000-00-00 00:00:00', 1, '0000-00-00 00:00:00', 0, '0000-00-00 00:00:00', 0),
(369, 195, 'Valladolid', 'VLL', '47', 0, 1, '0000-00-00 00:00:00', 1, '0000-00-00 00:00:00', 0, '0000-00-00 00:00:00', 0),
(370, 195, 'Vizcaya', 'VIZ', '48', 0, 1, '0000-00-00 00:00:00', 1, '0000-00-00 00:00:00', 0, '0000-00-00 00:00:00', 0),
(371, 195, 'Zamora', 'ZAM', '49', 0, 1, '0000-00-00 00:00:00', 1, '0000-00-00 00:00:00', 0, '0000-00-00 00:00:00', 0),
(372, 195, 'Zaragoza', 'ZAR', '50', 0, 1, '0000-00-00 00:00:00', 1, '0000-00-00 00:00:00', 0, '0000-00-00 00:00:00', 0),
(373, 10, 'Buenos Aires', 'BAS', 'BA', 0, 1, '0000-00-00 00:00:00', 1, '0000-00-00 00:00:00', 0, '0000-00-00 00:00:00', 0),
(374, 10, 'Ciudad Autonoma De Buenos Aires', 'CBA', 'CB', 0, 1, '0000-00-00 00:00:00', 1, '0000-00-00 00:00:00', 0, '0000-00-00 00:00:00', 0),
(375, 10, 'Catamarca', 'CAT', 'CA', 0, 1, '0000-00-00 00:00:00', 1, '0000-00-00 00:00:00', 0, '0000-00-00 00:00:00', 0),
(376, 10, 'Chaco', 'CHO', 'CH', 0, 1, '0000-00-00 00:00:00', 1, '0000-00-00 00:00:00', 0, '0000-00-00 00:00:00', 0),
(377, 10, 'Chubut', 'CTT', 'CT', 0, 1, '0000-00-00 00:00:00', 1, '0000-00-00 00:00:00', 0, '0000-00-00 00:00:00', 0),
(378, 10, 'Cordoba', 'COD', 'CO', 0, 1, '0000-00-00 00:00:00', 1, '0000-00-00 00:00:00', 0, '0000-00-00 00:00:00', 0),
(379, 10, 'Corrientes', 'CRI', 'CR', 0, 1, '0000-00-00 00:00:00', 1, '0000-00-00 00:00:00', 0, '0000-00-00 00:00:00', 0),
(380, 10, 'Entre Rios', 'ERS', 'ER', 0, 1, '0000-00-00 00:00:00', 1, '0000-00-00 00:00:00', 0, '0000-00-00 00:00:00', 0),
(381, 10, 'Formosa', 'FRM', 'FR', 0, 1, '0000-00-00 00:00:00', 1, '0000-00-00 00:00:00', 0, '0000-00-00 00:00:00', 0),
(382, 10, 'Jujuy', 'JUJ', 'JU', 0, 1, '0000-00-00 00:00:00', 1, '0000-00-00 00:00:00', 0, '0000-00-00 00:00:00', 0),
(383, 10, 'La Pampa', 'LPM', 'LP', 0, 1, '0000-00-00 00:00:00', 1, '0000-00-00 00:00:00', 0, '0000-00-00 00:00:00', 0),
(384, 10, 'La Rioja', 'LRI', 'LR', 0, 1, '0000-00-00 00:00:00', 1, '0000-00-00 00:00:00', 0, '0000-00-00 00:00:00', 0),
(385, 10, 'Mendoza', 'MED', 'ME', 0, 1, '0000-00-00 00:00:00', 1, '0000-00-00 00:00:00', 0, '0000-00-00 00:00:00', 0),
(386, 10, 'Misiones', 'MIS', 'MI', 0, 1, '0000-00-00 00:00:00', 1, '0000-00-00 00:00:00', 0, '0000-00-00 00:00:00', 0),
(387, 10, 'Neuquen', 'NQU', 'NQ', 0, 1, '0000-00-00 00:00:00', 1, '0000-00-00 00:00:00', 0, '0000-00-00 00:00:00', 0),
(388, 10, 'Rio Negro', 'RNG', 'RN', 0, 1, '0000-00-00 00:00:00', 1, '0000-00-00 00:00:00', 0, '0000-00-00 00:00:00', 0),
(389, 10, 'Salta', 'SAL', 'SA', 0, 1, '0000-00-00 00:00:00', 1, '0000-00-00 00:00:00', 0, '0000-00-00 00:00:00', 0),
(390, 10, 'San Juan', 'SJN', 'SJ', 0, 1, '0000-00-00 00:00:00', 1, '0000-00-00 00:00:00', 0, '0000-00-00 00:00:00', 0),
(391, 10, 'San Luis', 'SLU', 'SL', 0, 1, '0000-00-00 00:00:00', 1, '0000-00-00 00:00:00', 0, '0000-00-00 00:00:00', 0),
(392, 10, 'Santa Cruz', 'SCZ', 'SC', 0, 1, '0000-00-00 00:00:00', 1, '0000-00-00 00:00:00', 0, '0000-00-00 00:00:00', 0),
(393, 10, 'Santa Fe', 'SFE', 'SF', 0, 1, '0000-00-00 00:00:00', 1, '0000-00-00 00:00:00', 0, '0000-00-00 00:00:00', 0),
(394, 10, 'Santiago Del Estero', 'SEN', 'SE', 0, 1, '0000-00-00 00:00:00', 1, '0000-00-00 00:00:00', 0, '0000-00-00 00:00:00', 0),
(395, 10, 'Tierra Del Fuego', 'TFE', 'TF', 0, 1, '0000-00-00 00:00:00', 1, '0000-00-00 00:00:00', 0, '0000-00-00 00:00:00', 0),
(396, 10, 'Tucuman', 'TUC', 'TU', 0, 1, '0000-00-00 00:00:00', 1, '0000-00-00 00:00:00', 0, '0000-00-00 00:00:00', 0),
(397, 11, 'Aragatsotn', 'ARG', 'AG', 0, 1, '0000-00-00 00:00:00', 1, '0000-00-00 00:00:00', 0, '0000-00-00 00:00:00', 0),
(398, 11, 'Ararat', 'ARR', 'AR', 0, 1, '0000-00-00 00:00:00', 1, '0000-00-00 00:00:00', 0, '0000-00-00 00:00:00', 0),
(399, 11, 'Armavir', 'ARM', 'AV', 0, 1, '0000-00-00 00:00:00', 1, '0000-00-00 00:00:00', 0, '0000-00-00 00:00:00', 0),
(400, 11, 'Gegharkunik', 'GEG', 'GR', 0, 1, '0000-00-00 00:00:00', 1, '0000-00-00 00:00:00', 0, '0000-00-00 00:00:00', 0),
(401, 11, 'Kotayk', 'KOT', 'KT', 0, 1, '0000-00-00 00:00:00', 1, '0000-00-00 00:00:00', 0, '0000-00-00 00:00:00', 0),
(402, 11, 'Lori', 'LOR', 'LO', 0, 1, '0000-00-00 00:00:00', 1, '0000-00-00 00:00:00', 0, '0000-00-00 00:00:00', 0),
(403, 11, 'Shirak', 'SHI', 'SH', 0, 1, '0000-00-00 00:00:00', 1, '0000-00-00 00:00:00', 0, '0000-00-00 00:00:00', 0),
(404, 11, 'Syunik', 'SYU', 'SU', 0, 1, '0000-00-00 00:00:00', 1, '0000-00-00 00:00:00', 0, '0000-00-00 00:00:00', 0),
(405, 11, 'Tavush', 'TAV', 'TV', 0, 1, '0000-00-00 00:00:00', 1, '0000-00-00 00:00:00', 0, '0000-00-00 00:00:00', 0),
(406, 11, 'Vayots-Dzor', 'VAD', 'VD', 0, 1, '0000-00-00 00:00:00', 1, '0000-00-00 00:00:00', 0, '0000-00-00 00:00:00', 0),
(407, 11, 'Yerevan', 'YER', 'ER', 0, 1, '0000-00-00 00:00:00', 1, '0000-00-00 00:00:00', 0, '0000-00-00 00:00:00', 0),
(408, 99, 'Andaman & Nicobar Islands', 'ANI', 'AI', 0, 1, '0000-00-00 00:00:00', 1, '0000-00-00 00:00:00', 0, '0000-00-00 00:00:00', 0),
(409, 99, 'Andhra Pradesh', 'AND', 'AN', 0, 1, '0000-00-00 00:00:00', 1, '0000-00-00 00:00:00', 0, '0000-00-00 00:00:00', 0),
(410, 99, 'Arunachal Pradesh', 'ARU', 'AR', 0, 1, '0000-00-00 00:00:00', 1, '0000-00-00 00:00:00', 0, '0000-00-00 00:00:00', 0),
(411, 99, 'Assam', 'ASS', 'AS', 0, 1, '0000-00-00 00:00:00', 1, '0000-00-00 00:00:00', 0, '0000-00-00 00:00:00', 0),
(412, 99, 'Bihar', 'BIH', 'BI', 0, 1, '0000-00-00 00:00:00', 1, '0000-00-00 00:00:00', 0, '0000-00-00 00:00:00', 0),
(413, 99, 'Chandigarh', 'CHA', 'CA', 0, 1, '0000-00-00 00:00:00', 1, '0000-00-00 00:00:00', 0, '0000-00-00 00:00:00', 0),
(414, 99, 'Chhatisgarh', 'CHH', 'CH', 0, 1, '0000-00-00 00:00:00', 1, '0000-00-00 00:00:00', 0, '0000-00-00 00:00:00', 0),
(415, 99, 'Dadra & Nagar Haveli', 'DAD', 'DD', 0, 1, '0000-00-00 00:00:00', 1, '0000-00-00 00:00:00', 0, '0000-00-00 00:00:00', 0),
(416, 99, 'Daman & Diu', 'DAM', 'DA', 0, 1, '0000-00-00 00:00:00', 1, '0000-00-00 00:00:00', 0, '0000-00-00 00:00:00', 0),
(417, 99, 'Delhi', 'DEL', 'DE', 0, 1, '0000-00-00 00:00:00', 1, '0000-00-00 00:00:00', 0, '0000-00-00 00:00:00', 0),
(418, 99, 'Goa', 'GOA', 'GO', 0, 1, '0000-00-00 00:00:00', 1, '0000-00-00 00:00:00', 0, '0000-00-00 00:00:00', 0),
(419, 99, 'Gujarat', 'GUJ', 'GU', 0, 1, '0000-00-00 00:00:00', 1, '0000-00-00 00:00:00', 0, '0000-00-00 00:00:00', 0);
INSERT INTO `os_state` (`id`, `country_id`, `state_name`, `state_3_code`, `state_2_code`, `ordering`, `published`, `created_on`, `created_by`, `modified_on`, `modified_by`, `locked_on`, `locked_by`) VALUES
(420, 99, 'Haryana', 'HAR', 'HA', 0, 1, '0000-00-00 00:00:00', 1, '0000-00-00 00:00:00', 0, '0000-00-00 00:00:00', 0),
(421, 99, 'Himachal Pradesh', 'HIM', 'HI', 0, 1, '0000-00-00 00:00:00', 1, '0000-00-00 00:00:00', 0, '0000-00-00 00:00:00', 0),
(422, 99, 'Jammu & Kashmir', 'JAM', 'JA', 0, 1, '0000-00-00 00:00:00', 1, '0000-00-00 00:00:00', 0, '0000-00-00 00:00:00', 0),
(423, 99, 'Jharkhand', 'JHA', 'JH', 0, 1, '0000-00-00 00:00:00', 1, '0000-00-00 00:00:00', 0, '0000-00-00 00:00:00', 0),
(424, 99, 'Karnataka', 'KAR', 'KA', 0, 1, '0000-00-00 00:00:00', 1, '0000-00-00 00:00:00', 0, '0000-00-00 00:00:00', 0),
(425, 99, 'Kerala', 'KER', 'KE', 0, 1, '0000-00-00 00:00:00', 1, '0000-00-00 00:00:00', 0, '0000-00-00 00:00:00', 0),
(426, 99, 'Lakshadweep', 'LAK', 'LA', 0, 1, '0000-00-00 00:00:00', 1, '0000-00-00 00:00:00', 0, '0000-00-00 00:00:00', 0),
(427, 99, 'Madhya Pradesh', 'MAD', 'MD', 0, 1, '0000-00-00 00:00:00', 1, '0000-00-00 00:00:00', 0, '0000-00-00 00:00:00', 0),
(428, 99, 'Maharashtra', 'MAH', 'MH', 0, 1, '0000-00-00 00:00:00', 1, '0000-00-00 00:00:00', 0, '0000-00-00 00:00:00', 0),
(429, 99, 'Manipur', 'MAN', 'MN', 0, 1, '0000-00-00 00:00:00', 1, '0000-00-00 00:00:00', 0, '0000-00-00 00:00:00', 0),
(430, 99, 'Meghalaya', 'MEG', 'ME', 0, 1, '0000-00-00 00:00:00', 1, '0000-00-00 00:00:00', 0, '0000-00-00 00:00:00', 0),
(431, 99, 'Mizoram', 'MIZ', 'MI', 0, 1, '0000-00-00 00:00:00', 1, '0000-00-00 00:00:00', 0, '0000-00-00 00:00:00', 0),
(432, 99, 'Nagaland', 'NAG', 'NA', 0, 1, '0000-00-00 00:00:00', 1, '0000-00-00 00:00:00', 0, '0000-00-00 00:00:00', 0),
(433, 99, 'Orissa', 'ORI', 'OR', 0, 1, '0000-00-00 00:00:00', 1, '0000-00-00 00:00:00', 0, '0000-00-00 00:00:00', 0),
(434, 99, 'Pondicherry', 'PON', 'PO', 0, 1, '0000-00-00 00:00:00', 1, '0000-00-00 00:00:00', 0, '0000-00-00 00:00:00', 0),
(435, 99, 'Punjab', 'PUN', 'PU', 0, 1, '0000-00-00 00:00:00', 1, '0000-00-00 00:00:00', 0, '0000-00-00 00:00:00', 0),
(436, 99, 'Rajasthan', 'RAJ', 'RA', 0, 1, '0000-00-00 00:00:00', 1, '0000-00-00 00:00:00', 0, '0000-00-00 00:00:00', 0),
(437, 99, 'Sikkim', 'SIK', 'SI', 0, 1, '0000-00-00 00:00:00', 1, '0000-00-00 00:00:00', 0, '0000-00-00 00:00:00', 0),
(438, 99, 'Tamil Nadu', 'TAM', 'TA', 0, 1, '0000-00-00 00:00:00', 1, '0000-00-00 00:00:00', 0, '0000-00-00 00:00:00', 0),
(439, 99, 'Tripura', 'TRI', 'TR', 0, 1, '0000-00-00 00:00:00', 1, '0000-00-00 00:00:00', 0, '0000-00-00 00:00:00', 0),
(440, 99, 'Uttaranchal', 'UAR', 'UA', 0, 1, '0000-00-00 00:00:00', 1, '0000-00-00 00:00:00', 0, '0000-00-00 00:00:00', 0),
(441, 99, 'Uttar Pradesh', 'UTT', 'UT', 0, 1, '0000-00-00 00:00:00', 1, '0000-00-00 00:00:00', 0, '0000-00-00 00:00:00', 0),
(442, 99, 'West Bengal', 'WES', 'WE', 0, 1, '0000-00-00 00:00:00', 1, '0000-00-00 00:00:00', 0, '0000-00-00 00:00:00', 0),
(443, 101, 'Ahmadi va Kohkiluyeh', 'BOK', 'BO', 0, 1, '0000-00-00 00:00:00', 1, '0000-00-00 00:00:00', 0, '0000-00-00 00:00:00', 0),
(444, 101, 'Ardabil', 'ARD', 'AR', 0, 1, '0000-00-00 00:00:00', 1, '0000-00-00 00:00:00', 0, '0000-00-00 00:00:00', 0),
(445, 101, 'Azarbayjan-e Gharbi', 'AZG', 'AG', 0, 1, '0000-00-00 00:00:00', 1, '0000-00-00 00:00:00', 0, '0000-00-00 00:00:00', 0),
(446, 101, 'Azarbayjan-e Sharqi', 'AZS', 'AS', 0, 1, '0000-00-00 00:00:00', 1, '0000-00-00 00:00:00', 0, '0000-00-00 00:00:00', 0),
(447, 101, 'Bushehr', 'BUS', 'BU', 0, 1, '0000-00-00 00:00:00', 1, '0000-00-00 00:00:00', 0, '0000-00-00 00:00:00', 0),
(448, 101, 'Chaharmahal va Bakhtiari', 'CMB', 'CM', 0, 1, '0000-00-00 00:00:00', 1, '0000-00-00 00:00:00', 0, '0000-00-00 00:00:00', 0),
(449, 101, 'Esfahan', 'ESF', 'ES', 0, 1, '0000-00-00 00:00:00', 1, '0000-00-00 00:00:00', 0, '0000-00-00 00:00:00', 0),
(450, 101, 'Fars', 'FAR', 'FA', 0, 1, '0000-00-00 00:00:00', 1, '0000-00-00 00:00:00', 0, '0000-00-00 00:00:00', 0),
(451, 101, 'Gilan', 'GIL', 'GI', 0, 1, '0000-00-00 00:00:00', 1, '0000-00-00 00:00:00', 0, '0000-00-00 00:00:00', 0),
(452, 101, 'Gorgan', 'GOR', 'GO', 0, 1, '0000-00-00 00:00:00', 1, '0000-00-00 00:00:00', 0, '0000-00-00 00:00:00', 0),
(453, 101, 'Hamadan', 'HAM', 'HA', 0, 1, '0000-00-00 00:00:00', 1, '0000-00-00 00:00:00', 0, '0000-00-00 00:00:00', 0),
(454, 101, 'Hormozgan', 'HOR', 'HO', 0, 1, '0000-00-00 00:00:00', 1, '0000-00-00 00:00:00', 0, '0000-00-00 00:00:00', 0),
(455, 101, 'Ilam', 'ILA', 'IL', 0, 1, '0000-00-00 00:00:00', 1, '0000-00-00 00:00:00', 0, '0000-00-00 00:00:00', 0),
(456, 101, 'Kerman', 'KER', 'KE', 0, 1, '0000-00-00 00:00:00', 1, '0000-00-00 00:00:00', 0, '0000-00-00 00:00:00', 0),
(457, 101, 'Kermanshah', 'BAK', 'BA', 0, 1, '0000-00-00 00:00:00', 1, '0000-00-00 00:00:00', 0, '0000-00-00 00:00:00', 0),
(458, 101, 'Khorasan-e Junoubi', 'KHJ', 'KJ', 0, 1, '0000-00-00 00:00:00', 1, '0000-00-00 00:00:00', 0, '0000-00-00 00:00:00', 0),
(459, 101, 'Khorasan-e Razavi', 'KHR', 'KR', 0, 1, '0000-00-00 00:00:00', 1, '0000-00-00 00:00:00', 0, '0000-00-00 00:00:00', 0),
(460, 101, 'Khorasan-e Shomali', 'KHS', 'KS', 0, 1, '0000-00-00 00:00:00', 1, '0000-00-00 00:00:00', 0, '0000-00-00 00:00:00', 0),
(461, 101, 'Khuzestan', 'KHU', 'KH', 0, 1, '0000-00-00 00:00:00', 1, '0000-00-00 00:00:00', 0, '0000-00-00 00:00:00', 0),
(462, 101, 'Kordestan', 'KOR', 'KO', 0, 1, '0000-00-00 00:00:00', 1, '0000-00-00 00:00:00', 0, '0000-00-00 00:00:00', 0),
(463, 101, 'Lorestan', 'LOR', 'LO', 0, 1, '0000-00-00 00:00:00', 1, '0000-00-00 00:00:00', 0, '0000-00-00 00:00:00', 0),
(464, 101, 'Markazi', 'MAR', 'MR', 0, 1, '0000-00-00 00:00:00', 1, '0000-00-00 00:00:00', 0, '0000-00-00 00:00:00', 0),
(465, 101, 'Mazandaran', 'MAZ', 'MZ', 0, 1, '0000-00-00 00:00:00', 1, '0000-00-00 00:00:00', 0, '0000-00-00 00:00:00', 0),
(466, 101, 'Qazvin', 'QAS', 'QA', 0, 1, '0000-00-00 00:00:00', 1, '0000-00-00 00:00:00', 0, '0000-00-00 00:00:00', 0),
(467, 101, 'Qom', 'QOM', 'QO', 0, 1, '0000-00-00 00:00:00', 1, '0000-00-00 00:00:00', 0, '0000-00-00 00:00:00', 0),
(468, 101, 'Semnan', 'SEM', 'SE', 0, 1, '0000-00-00 00:00:00', 1, '0000-00-00 00:00:00', 0, '0000-00-00 00:00:00', 0),
(469, 101, 'Sistan va Baluchestan', 'SBA', 'SB', 0, 1, '0000-00-00 00:00:00', 1, '0000-00-00 00:00:00', 0, '0000-00-00 00:00:00', 0),
(470, 101, 'Tehran', 'TEH', 'TE', 0, 1, '0000-00-00 00:00:00', 1, '0000-00-00 00:00:00', 0, '0000-00-00 00:00:00', 0),
(471, 101, 'Yazd', 'YAZ', 'YA', 0, 1, '0000-00-00 00:00:00', 1, '0000-00-00 00:00:00', 0, '0000-00-00 00:00:00', 0),
(472, 101, 'Zanjan', 'ZAN', 'ZA', 0, 1, '0000-00-00 00:00:00', 1, '0000-00-00 00:00:00', 0, '0000-00-00 00:00:00', 0),
(503, 84, 'ΑΡΓΟΛΙΔΑΣ', 'ΑΡΓ', 'ΑΡ', 0, 1, '0000-00-00 00:00:00', 1, '0000-00-00 00:00:00', 0, '0000-00-00 00:00:00', 0),
(504, 84, 'ΑΡΚΑΔΙΑΣ', 'ΑΡΚ', 'ΑΚ', 0, 1, '0000-00-00 00:00:00', 1, '0000-00-00 00:00:00', 0, '0000-00-00 00:00:00', 0),
(505, 84, 'ΑΡΤΑΣ', 'ΑΡΤ', 'ΑΑ', 0, 1, '0000-00-00 00:00:00', 1, '0000-00-00 00:00:00', 0, '0000-00-00 00:00:00', 0),
(506, 84, 'ΑΤΤΙΚΗΣ', 'ΑΤΤ', 'ΑΤ', 0, 1, '0000-00-00 00:00:00', 1, '0000-00-00 00:00:00', 0, '0000-00-00 00:00:00', 0),
(507, 84, 'ΑΧΑΪΑΣ', 'ΑΧΑ', 'ΑΧ', 0, 1, '0000-00-00 00:00:00', 1, '0000-00-00 00:00:00', 0, '0000-00-00 00:00:00', 0),
(508, 84, 'ΒΟΙΩΤΙΑΣ', 'ΒΟΙ', 'ΒΟ', 0, 1, '0000-00-00 00:00:00', 1, '0000-00-00 00:00:00', 0, '0000-00-00 00:00:00', 0),
(509, 84, 'ΓΡΕΒΕΝΩΝ', 'ΓΡΕ', 'ΓΡ', 0, 1, '0000-00-00 00:00:00', 1, '0000-00-00 00:00:00', 0, '0000-00-00 00:00:00', 0),
(510, 84, 'ΔΡΑΜΑΣ', 'ΔΡΑ', 'ΔΡ', 0, 1, '0000-00-00 00:00:00', 1, '0000-00-00 00:00:00', 0, '0000-00-00 00:00:00', 0),
(511, 84, 'ΔΩΔΕΚΑΝΗΣΟΥ', 'ΔΩΔ', 'ΔΩ', 0, 1, '0000-00-00 00:00:00', 1, '0000-00-00 00:00:00', 0, '0000-00-00 00:00:00', 0),
(512, 84, 'ΕΒΡΟΥ', 'ΕΒΡ', 'ΕΒ', 0, 1, '0000-00-00 00:00:00', 1, '0000-00-00 00:00:00', 0, '0000-00-00 00:00:00', 0),
(513, 84, 'ΕΥΒΟΙΑΣ', 'ΕΥΒ', 'ΕΥ', 0, 1, '0000-00-00 00:00:00', 1, '0000-00-00 00:00:00', 0, '0000-00-00 00:00:00', 0),
(514, 84, 'ΕΥΡΥΤΑΝΙΑΣ', 'ΕΥΡ', 'ΕΡ', 0, 1, '0000-00-00 00:00:00', 1, '0000-00-00 00:00:00', 0, '0000-00-00 00:00:00', 0),
(515, 84, 'ΖΑΚΥΝΘΟΥ', 'ΖΑΚ', 'ΖΑ', 0, 1, '0000-00-00 00:00:00', 1, '0000-00-00 00:00:00', 0, '0000-00-00 00:00:00', 0),
(516, 84, 'ΗΛΕΙΑΣ', 'ΗΛΕ', 'ΗΛ', 0, 1, '0000-00-00 00:00:00', 1, '0000-00-00 00:00:00', 0, '0000-00-00 00:00:00', 0),
(517, 84, 'ΗΜΑΘΙΑΣ', 'ΗΜΑ', 'ΗΜ', 0, 1, '0000-00-00 00:00:00', 1, '0000-00-00 00:00:00', 0, '0000-00-00 00:00:00', 0),
(518, 84, 'ΗΡΑΚΛΕΙΟΥ', 'ΗΡΑ', 'ΗΡ', 0, 1, '0000-00-00 00:00:00', 1, '0000-00-00 00:00:00', 0, '0000-00-00 00:00:00', 0),
(519, 84, 'ΘΕΣΠΡΩΤΙΑΣ', 'ΘΕΠ', 'ΘΠ', 0, 1, '0000-00-00 00:00:00', 1, '0000-00-00 00:00:00', 0, '0000-00-00 00:00:00', 0),
(520, 84, 'ΘΕΣΣΑΛΟΝΙΚΗΣ', 'ΘΕΣ', 'ΘΕ', 0, 1, '0000-00-00 00:00:00', 1, '0000-00-00 00:00:00', 0, '0000-00-00 00:00:00', 0),
(521, 84, 'ΙΩΑΝΝΙΝΩΝ', 'ΙΩΑ', 'ΙΩ', 0, 1, '0000-00-00 00:00:00', 1, '0000-00-00 00:00:00', 0, '0000-00-00 00:00:00', 0),
(522, 84, 'ΚΑΒΑΛΑΣ', 'ΚΑΒ', 'ΚΒ', 0, 1, '0000-00-00 00:00:00', 1, '0000-00-00 00:00:00', 0, '0000-00-00 00:00:00', 0),
(523, 84, 'ΚΑΡΔΙΤΣΑΣ', 'ΚΑΡ', 'ΚΡ', 0, 1, '0000-00-00 00:00:00', 1, '0000-00-00 00:00:00', 0, '0000-00-00 00:00:00', 0),
(524, 84, 'ΚΑΣΤΟΡΙΑΣ', 'ΚΑΣ', 'ΚΣ', 0, 1, '0000-00-00 00:00:00', 1, '0000-00-00 00:00:00', 0, '0000-00-00 00:00:00', 0),
(525, 84, 'ΚΕΡΚΥΡΑΣ', 'ΚΕΡ', 'ΚΕ', 0, 1, '0000-00-00 00:00:00', 1, '0000-00-00 00:00:00', 0, '0000-00-00 00:00:00', 0),
(526, 84, 'ΚΕΦΑΛΛΗΝΙΑΣ', 'ΚΕΦ', 'ΚΦ', 0, 1, '0000-00-00 00:00:00', 1, '0000-00-00 00:00:00', 0, '0000-00-00 00:00:00', 0),
(527, 84, 'ΚΙΛΚΙΣ', 'ΚΙΛ', 'ΚΙ', 0, 1, '0000-00-00 00:00:00', 1, '0000-00-00 00:00:00', 0, '0000-00-00 00:00:00', 0),
(528, 84, 'ΚΟΖΑΝΗΣ', 'ΚΟΖ', 'ΚZ', 0, 1, '0000-00-00 00:00:00', 1, '0000-00-00 00:00:00', 0, '0000-00-00 00:00:00', 0),
(529, 84, 'ΚΟΡΙΝΘΙΑΣ', 'ΚΟΡ', 'ΚΟ', 0, 1, '0000-00-00 00:00:00', 1, '0000-00-00 00:00:00', 0, '0000-00-00 00:00:00', 0),
(530, 84, 'ΚΥΚΛΑΔΩΝ', 'ΚΥΚ', 'ΚΥ', 0, 1, '0000-00-00 00:00:00', 1, '0000-00-00 00:00:00', 0, '0000-00-00 00:00:00', 0),
(531, 84, 'ΛΑΚΩΝΙΑΣ', 'ΛΑΚ', 'ΛK', 0, 1, '0000-00-00 00:00:00', 1, '0000-00-00 00:00:00', 0, '0000-00-00 00:00:00', 0),
(532, 84, 'ΛΑΡΙΣΑΣ', 'ΛΑΡ', 'ΛΡ', 0, 1, '0000-00-00 00:00:00', 1, '0000-00-00 00:00:00', 0, '0000-00-00 00:00:00', 0),
(533, 84, 'ΛΑΣΙΘΙΟΥ', 'ΛΑΣ', 'ΛΑ', 0, 1, '0000-00-00 00:00:00', 1, '0000-00-00 00:00:00', 0, '0000-00-00 00:00:00', 0),
(534, 84, 'ΛΕΣΒΟΥ', 'ΛΕΣ', 'ΛΣ', 0, 1, '0000-00-00 00:00:00', 1, '0000-00-00 00:00:00', 0, '0000-00-00 00:00:00', 0),
(535, 84, 'ΛΕΥΚΑΔΑΣ', 'ΛΕΥ', 'ΛΕ', 0, 1, '0000-00-00 00:00:00', 1, '0000-00-00 00:00:00', 0, '0000-00-00 00:00:00', 0),
(536, 84, 'ΜΑΓΝΗΣΙΑΣ', 'ΜΑΓ', 'ΜΑ', 0, 1, '0000-00-00 00:00:00', 1, '0000-00-00 00:00:00', 0, '0000-00-00 00:00:00', 0),
(537, 84, 'ΜΕΣΣΗΝΙΑΣ', 'ΜΕΣ', 'ΜΕ', 0, 1, '0000-00-00 00:00:00', 1, '0000-00-00 00:00:00', 0, '0000-00-00 00:00:00', 0),
(538, 84, 'ΞΑΝΘΗΣ', 'ΞΑΝ', 'ΞΑ', 0, 1, '0000-00-00 00:00:00', 1, '0000-00-00 00:00:00', 0, '0000-00-00 00:00:00', 0),
(539, 84, 'ΠΕΛΛΗΣ', 'ΠΕΛ', 'ΠΕ', 0, 1, '0000-00-00 00:00:00', 1, '0000-00-00 00:00:00', 0, '0000-00-00 00:00:00', 0),
(540, 84, 'ΠΙΕΡΙΑΣ', 'ΠΙΕ', 'ΠΙ', 0, 1, '0000-00-00 00:00:00', 1, '0000-00-00 00:00:00', 0, '0000-00-00 00:00:00', 0),
(541, 84, 'ΠΡΕΒΕΖΑΣ', 'ΠΡΕ', 'ΠΡ', 0, 1, '0000-00-00 00:00:00', 1, '0000-00-00 00:00:00', 0, '0000-00-00 00:00:00', 0),
(542, 84, 'ΡΕΘΥΜΝΗΣ', 'ΡΕΘ', 'ΡΕ', 0, 1, '0000-00-00 00:00:00', 1, '0000-00-00 00:00:00', 0, '0000-00-00 00:00:00', 0),
(543, 84, 'ΡΟΔΟΠΗΣ', 'ΡΟΔ', 'ΡΟ', 0, 1, '0000-00-00 00:00:00', 1, '0000-00-00 00:00:00', 0, '0000-00-00 00:00:00', 0),
(544, 84, 'ΣΑΜΟΥ', 'ΣΑΜ', 'ΣΑ', 0, 1, '0000-00-00 00:00:00', 1, '0000-00-00 00:00:00', 0, '0000-00-00 00:00:00', 0),
(545, 84, 'ΣΕΡΡΩΝ', 'ΣΕΡ', 'ΣΕ', 0, 1, '0000-00-00 00:00:00', 1, '0000-00-00 00:00:00', 0, '0000-00-00 00:00:00', 0),
(546, 84, 'ΤΡΙΚΑΛΩΝ', 'ΤΡΙ', 'ΤΡ', 0, 1, '0000-00-00 00:00:00', 1, '0000-00-00 00:00:00', 0, '0000-00-00 00:00:00', 0),
(547, 84, 'ΦΘΙΩΤΙΔΑΣ', 'ΦΘΙ', 'ΦΘ', 0, 1, '0000-00-00 00:00:00', 1, '0000-00-00 00:00:00', 0, '0000-00-00 00:00:00', 0),
(548, 84, 'ΦΛΩΡΙΝΑΣ', 'ΦΛΩ', 'ΦΛ', 0, 1, '0000-00-00 00:00:00', 1, '0000-00-00 00:00:00', 0, '0000-00-00 00:00:00', 0),
(549, 84, 'ΦΩΚΙΔΑΣ', 'ΦΩΚ', 'ΦΩ', 0, 1, '0000-00-00 00:00:00', 1, '0000-00-00 00:00:00', 0, '0000-00-00 00:00:00', 0),
(550, 84, 'ΧΑΛΚΙΔΙΚΗΣ', 'ΧΑΛ', 'ΧΑ', 0, 1, '0000-00-00 00:00:00', 1, '0000-00-00 00:00:00', 0, '0000-00-00 00:00:00', 0),
(551, 84, 'ΧΑΝΙΩΝ', 'ΧΑΝ', 'ΧΝ', 0, 1, '0000-00-00 00:00:00', 1, '0000-00-00 00:00:00', 0, '0000-00-00 00:00:00', 0),
(552, 84, 'ΧΙΟΥ', 'ΧΙΟ', 'ΧΙ', 0, 1, '0000-00-00 00:00:00', 1, '0000-00-00 00:00:00', 0, '0000-00-00 00:00:00', 0),
(553, 84, 'ΑΙΤΩΛΟΑΚΑΡΝΑΝΙΑΣ', 'ΑΙΤ', 'ΑΙ', 0, 1, '0000-00-00 00:00:00', 1, '0000-00-00 00:00:00', 0, '0000-00-00 00:00:00', 0),
(554, 81, 'Freie und Hansestadt Hamburg', 'HAM', 'HH', 0, 1, '0000-00-00 00:00:00', 1, '0000-00-00 00:00:00', 0, '0000-00-00 00:00:00', 0),
(555, 81, 'Niedersachsen', 'NIS', 'NI', 0, 1, '0000-00-00 00:00:00', 1, '0000-00-00 00:00:00', 0, '0000-00-00 00:00:00', 0),
(556, 81, 'Freie Hansestadt Bremen', 'HBR', 'HB', 0, 1, '0000-00-00 00:00:00', 1, '0000-00-00 00:00:00', 0, '0000-00-00 00:00:00', 0),
(557, 81, 'Nordrhein-Westfalen', 'NRW', 'NW', 0, 1, '0000-00-00 00:00:00', 1, '0000-00-00 00:00:00', 0, '0000-00-00 00:00:00', 0),
(558, 81, 'Hessen', 'HES', 'HE', 0, 1, '0000-00-00 00:00:00', 1, '0000-00-00 00:00:00', 0, '0000-00-00 00:00:00', 0),
(559, 81, 'Rheinland-Pfalz', 'RLP', 'RP', 0, 1, '0000-00-00 00:00:00', 1, '0000-00-00 00:00:00', 0, '0000-00-00 00:00:00', 0),
(560, 81, 'Baden-Württemberg', 'BWÜ', 'BW', 0, 1, '0000-00-00 00:00:00', 1, '0000-00-00 00:00:00', 0, '0000-00-00 00:00:00', 0),
(561, 81, 'Freistaat Bayern', 'BAV', 'BY', 0, 1, '0000-00-00 00:00:00', 1, '0000-00-00 00:00:00', 0, '0000-00-00 00:00:00', 0),
(562, 81, 'Saarland', 'SLA', 'SL', 0, 1, '0000-00-00 00:00:00', 1, '0000-00-00 00:00:00', 0, '0000-00-00 00:00:00', 0),
(563, 81, 'Berlin', 'BER', 'BE', 0, 1, '0000-00-00 00:00:00', 1, '0000-00-00 00:00:00', 0, '0000-00-00 00:00:00', 0),
(564, 81, 'Brandenburg', 'BRB', 'BB', 0, 1, '0000-00-00 00:00:00', 1, '0000-00-00 00:00:00', 0, '0000-00-00 00:00:00', 0),
(565, 81, 'Mecklenburg-Vorpommern', 'MVO', 'MV', 0, 1, '0000-00-00 00:00:00', 1, '0000-00-00 00:00:00', 0, '0000-00-00 00:00:00', 0),
(566, 81, 'Freistaat Sachsen', 'SAC', 'SN', 0, 1, '0000-00-00 00:00:00', 1, '0000-00-00 00:00:00', 0, '0000-00-00 00:00:00', 0),
(567, 81, 'Sachsen-Anhalt', 'SAA', 'ST', 0, 1, '0000-00-00 00:00:00', 1, '0000-00-00 00:00:00', 0, '0000-00-00 00:00:00', 0),
(568, 81, 'Freistaat Thüringen', 'THÜ', 'TH', 0, 1, '0000-00-00 00:00:00', 1, '0000-00-00 00:00:00', 0, '0000-00-00 00:00:00', 0),
(569, 81, 'Schleswig-Holstein', 'SHO', 'SH', 0, 1, '0000-00-00 00:00:00', 1, '0000-00-00 00:00:00', 0, '0000-00-00 00:00:00', 0),
(570, 176, 'Адыгея Республика', 'AD', '01', 1, 1, '0000-00-00 00:00:00', 1, '0000-00-00 00:00:00', 0, '0000-00-00 00:00:00', 0),
(571, 176, 'Алтай Республика', 'AL', '04', 2, 1, '0000-00-00 00:00:00', 1, '0000-00-00 00:00:00', 0, '0000-00-00 00:00:00', 0),
(572, 176, 'Алтайский край', 'ALT', '22', 3, 1, '0000-00-00 00:00:00', 1, '0000-00-00 00:00:00', 0, '0000-00-00 00:00:00', 0),
(573, 176, 'Амурская область', 'AMU', '28', 4, 1, '0000-00-00 00:00:00', 1, '0000-00-00 00:00:00', 0, '0000-00-00 00:00:00', 0),
(574, 176, 'Архангельская область', 'ARK', '29', 5, 1, '0000-00-00 00:00:00', 1, '0000-00-00 00:00:00', 0, '0000-00-00 00:00:00', 0),
(575, 176, 'Астраханская область', 'AST', '30', 6, 1, '0000-00-00 00:00:00', 1, '0000-00-00 00:00:00', 0, '0000-00-00 00:00:00', 0),
(576, 176, 'Башкортостан Республика', 'BA', '02', 7, 1, '0000-00-00 00:00:00', 1, '0000-00-00 00:00:00', 0, '0000-00-00 00:00:00', 0),
(577, 176, 'Белгородская область', 'BEL', '31', 8, 1, '0000-00-00 00:00:00', 1, '0000-00-00 00:00:00', 0, '0000-00-00 00:00:00', 0),
(578, 176, 'Брянская область', 'BRY', '32', 9, 1, '0000-00-00 00:00:00', 1, '0000-00-00 00:00:00', 0, '0000-00-00 00:00:00', 0),
(579, 176, 'Бурятия Республика', 'BU', '03', 10, 1, '0000-00-00 00:00:00', 1, '0000-00-00 00:00:00', 0, '0000-00-00 00:00:00', 0),
(580, 176, 'Владимирская область', 'VLA', '33', 11, 1, '0000-00-00 00:00:00', 1, '0000-00-00 00:00:00', 0, '0000-00-00 00:00:00', 0),
(581, 176, 'Волгоградская область', 'VGG', '34', 12, 1, '0000-00-00 00:00:00', 1, '0000-00-00 00:00:00', 0, '0000-00-00 00:00:00', 0),
(582, 176, 'Вологодская область', 'VLG', '35', 13, 1, '0000-00-00 00:00:00', 1, '0000-00-00 00:00:00', 0, '0000-00-00 00:00:00', 0),
(583, 176, 'Воронежская область', 'VOR', '36', 14, 1, '0000-00-00 00:00:00', 1, '0000-00-00 00:00:00', 0, '0000-00-00 00:00:00', 0),
(584, 176, 'Дагестан Республика', 'DA', '05', 15, 1, '0000-00-00 00:00:00', 1, '0000-00-00 00:00:00', 0, '0000-00-00 00:00:00', 0),
(585, 176, 'Еврейская автономная область', 'YEV', '79', 16, 1, '0000-00-00 00:00:00', 1, '0000-00-00 00:00:00', 0, '0000-00-00 00:00:00', 0),
(586, 176, 'Забайкальский край', 'ZAB', '75', 17, 1, '0000-00-00 00:00:00', 1, '0000-00-00 00:00:00', 0, '0000-00-00 00:00:00', 0),
(587, 176, 'Ивановская область', 'IVA', '37', 18, 1, '0000-00-00 00:00:00', 1, '0000-00-00 00:00:00', 0, '0000-00-00 00:00:00', 0),
(588, 176, 'Ингушетия Республика', 'IN', '06', 19, 1, '0000-00-00 00:00:00', 1, '0000-00-00 00:00:00', 0, '0000-00-00 00:00:00', 0),
(589, 176, 'Иркутская область', 'IRK', '38', 20, 1, '0000-00-00 00:00:00', 1, '0000-00-00 00:00:00', 0, '0000-00-00 00:00:00', 0),
(590, 176, 'Кабардино-Балкарская Республика', 'KB', '07', 21, 1, '0000-00-00 00:00:00', 1, '0000-00-00 00:00:00', 0, '0000-00-00 00:00:00', 0),
(591, 176, 'Калининградская область', 'KGD', '39', 22, 1, '0000-00-00 00:00:00', 1, '0000-00-00 00:00:00', 0, '0000-00-00 00:00:00', 0),
(592, 176, 'Калмыкия Республика', 'KL', '08', 23, 1, '0000-00-00 00:00:00', 1, '0000-00-00 00:00:00', 0, '0000-00-00 00:00:00', 0),
(593, 176, 'Калужская область', 'KLU', '40', 24, 1, '0000-00-00 00:00:00', 1, '0000-00-00 00:00:00', 0, '0000-00-00 00:00:00', 0),
(594, 176, 'Камчатский край', 'KAM', '41', 25, 1, '0000-00-00 00:00:00', 1, '0000-00-00 00:00:00', 0, '0000-00-00 00:00:00', 0),
(595, 176, 'Карачаево-Черкесская Республика', 'KC', '09', 26, 1, '0000-00-00 00:00:00', 1, '0000-00-00 00:00:00', 0, '0000-00-00 00:00:00', 0),
(596, 176, 'Карелия Республика', 'KR', '10', 27, 1, '0000-00-00 00:00:00', 1, '0000-00-00 00:00:00', 0, '0000-00-00 00:00:00', 0),
(597, 176, 'Кемеровская область', 'KEM', '42', 28, 1, '0000-00-00 00:00:00', 1, '0000-00-00 00:00:00', 0, '0000-00-00 00:00:00', 0),
(598, 176, 'Кировская область', 'KIR', '43', 29, 1, '0000-00-00 00:00:00', 1, '0000-00-00 00:00:00', 0, '0000-00-00 00:00:00', 0),
(599, 176, 'Коми Республика', 'KO', '11', 30, 1, '0000-00-00 00:00:00', 1, '0000-00-00 00:00:00', 0, '0000-00-00 00:00:00', 0),
(600, 176, 'Костромская область', 'KOS', '44', 31, 1, '0000-00-00 00:00:00', 1, '0000-00-00 00:00:00', 0, '0000-00-00 00:00:00', 0),
(601, 176, 'Краснодарский край', 'KDA', '23', 32, 1, '0000-00-00 00:00:00', 1, '0000-00-00 00:00:00', 0, '0000-00-00 00:00:00', 0),
(602, 176, 'Красноярский край', 'KIA', '24', 33, 1, '0000-00-00 00:00:00', 1, '0000-00-00 00:00:00', 0, '0000-00-00 00:00:00', 0),
(603, 176, 'Курганская область', 'KGN', '45', 34, 1, '0000-00-00 00:00:00', 1, '0000-00-00 00:00:00', 0, '0000-00-00 00:00:00', 0),
(604, 176, 'Курская область', 'KRS', '46', 35, 1, '0000-00-00 00:00:00', 1, '0000-00-00 00:00:00', 0, '0000-00-00 00:00:00', 0),
(605, 176, 'Ленинградская область', 'LEN', '47', 36, 1, '0000-00-00 00:00:00', 1, '0000-00-00 00:00:00', 0, '0000-00-00 00:00:00', 0),
(606, 176, 'Липецкая область', 'LIP', '48', 37, 1, '0000-00-00 00:00:00', 1, '0000-00-00 00:00:00', 0, '0000-00-00 00:00:00', 0),
(607, 176, 'Магаданская область', 'MAG', '49', 38, 1, '0000-00-00 00:00:00', 1, '0000-00-00 00:00:00', 0, '0000-00-00 00:00:00', 0),
(608, 176, 'Марий Эл Республика', 'ME', '12', 39, 1, '0000-00-00 00:00:00', 1, '0000-00-00 00:00:00', 0, '0000-00-00 00:00:00', 0),
(609, 176, 'Мордовия Республика', 'MO', '13', 40, 1, '0000-00-00 00:00:00', 1, '0000-00-00 00:00:00', 0, '0000-00-00 00:00:00', 0),
(610, 176, 'Москва', 'MOW', '77', 41, 1, '0000-00-00 00:00:00', 1, '0000-00-00 00:00:00', 0, '0000-00-00 00:00:00', 0),
(611, 176, 'Московская область', 'MOS', '50', 42, 1, '0000-00-00 00:00:00', 1, '0000-00-00 00:00:00', 0, '0000-00-00 00:00:00', 0),
(612, 176, 'Мурманская область', 'MUR', '51', 43, 1, '0000-00-00 00:00:00', 1, '0000-00-00 00:00:00', 0, '0000-00-00 00:00:00', 0),
(613, 176, 'Ненецкий автономный округ', 'NEN', '83', 44, 1, '0000-00-00 00:00:00', 1, '0000-00-00 00:00:00', 0, '0000-00-00 00:00:00', 0),
(614, 176, 'Нижегородская область', 'NIZ', '52', 45, 1, '0000-00-00 00:00:00', 1, '0000-00-00 00:00:00', 0, '0000-00-00 00:00:00', 0),
(615, 176, 'Новгородская область', 'NGR', '53', 46, 1, '0000-00-00 00:00:00', 1, '0000-00-00 00:00:00', 0, '0000-00-00 00:00:00', 0),
(616, 176, 'Новосибирская область', 'NVS', '54', 47, 1, '0000-00-00 00:00:00', 1, '0000-00-00 00:00:00', 0, '0000-00-00 00:00:00', 0),
(617, 176, 'Омская область', 'OMS', '55', 48, 1, '0000-00-00 00:00:00', 1, '0000-00-00 00:00:00', 0, '0000-00-00 00:00:00', 0),
(618, 176, 'Оренбургская область', 'ORE', '56', 49, 1, '0000-00-00 00:00:00', 1, '0000-00-00 00:00:00', 0, '0000-00-00 00:00:00', 0),
(619, 176, 'Орловская область', 'ORL', '57', 50, 1, '0000-00-00 00:00:00', 1, '0000-00-00 00:00:00', 0, '0000-00-00 00:00:00', 0),
(620, 176, 'Пензенская область', 'PNZ', '58', 51, 1, '0000-00-00 00:00:00', 1, '0000-00-00 00:00:00', 0, '0000-00-00 00:00:00', 0),
(621, 176, 'Пермский край', 'PER', '59', 52, 1, '0000-00-00 00:00:00', 1, '0000-00-00 00:00:00', 0, '0000-00-00 00:00:00', 0),
(622, 176, 'Приморский край', 'PRI', '25', 53, 1, '0000-00-00 00:00:00', 1, '0000-00-00 00:00:00', 0, '0000-00-00 00:00:00', 0),
(623, 176, 'Псковская область', 'PSK', '60', 54, 1, '0000-00-00 00:00:00', 1, '0000-00-00 00:00:00', 0, '0000-00-00 00:00:00', 0),
(624, 176, 'Ростовская область', 'ROS', '61', 55, 1, '0000-00-00 00:00:00', 1, '0000-00-00 00:00:00', 0, '0000-00-00 00:00:00', 0),
(625, 176, 'Рязанская область', 'RYA', '62', 56, 1, '0000-00-00 00:00:00', 1, '0000-00-00 00:00:00', 0, '0000-00-00 00:00:00', 0),
(626, 176, 'Самарская область', 'SAM', '63', 57, 1, '0000-00-00 00:00:00', 1, '0000-00-00 00:00:00', 0, '0000-00-00 00:00:00', 0),
(627, 176, 'Санкт-Петербург', 'SPE', '78', 58, 1, '0000-00-00 00:00:00', 1, '0000-00-00 00:00:00', 0, '0000-00-00 00:00:00', 0),
(628, 176, 'Саратовская область', 'SAR', '64', 59, 1, '0000-00-00 00:00:00', 1, '0000-00-00 00:00:00', 0, '0000-00-00 00:00:00', 0),
(629, 176, 'Саха (Якутия) Республика', 'SA', '14', 60, 1, '0000-00-00 00:00:00', 1, '0000-00-00 00:00:00', 0, '0000-00-00 00:00:00', 0),
(630, 176, 'Сахалинская область', 'SAK', '65', 61, 1, '0000-00-00 00:00:00', 1, '0000-00-00 00:00:00', 0, '0000-00-00 00:00:00', 0),
(631, 176, 'Свердловская область', 'SVE', '66', 62, 1, '0000-00-00 00:00:00', 1, '0000-00-00 00:00:00', 0, '0000-00-00 00:00:00', 0),
(632, 176, 'Северная Осетия-Алания Республика', 'SE', '15', 63, 1, '0000-00-00 00:00:00', 1, '0000-00-00 00:00:00', 0, '0000-00-00 00:00:00', 0),
(633, 176, 'Смоленская область', 'SMO', '67', 64, 1, '0000-00-00 00:00:00', 1, '0000-00-00 00:00:00', 0, '0000-00-00 00:00:00', 0),
(634, 176, 'Ставропольский край', 'STA', '26', 65, 1, '0000-00-00 00:00:00', 1, '0000-00-00 00:00:00', 0, '0000-00-00 00:00:00', 0),
(635, 176, 'Тамбовская область', 'TAM', '68', 66, 1, '0000-00-00 00:00:00', 1, '0000-00-00 00:00:00', 0, '0000-00-00 00:00:00', 0),
(636, 176, 'Татарстан Республика', 'TA', '16', 67, 1, '0000-00-00 00:00:00', 1, '0000-00-00 00:00:00', 0, '0000-00-00 00:00:00', 0),
(637, 176, 'Тверская область', 'TVE', '69', 68, 1, '0000-00-00 00:00:00', 1, '0000-00-00 00:00:00', 0, '0000-00-00 00:00:00', 0),
(638, 176, 'Томская область', 'TOM', '70', 69, 1, '0000-00-00 00:00:00', 1, '0000-00-00 00:00:00', 0, '0000-00-00 00:00:00', 0),
(639, 176, 'Тульская область', 'TUL', '71', 70, 1, '0000-00-00 00:00:00', 1, '0000-00-00 00:00:00', 0, '0000-00-00 00:00:00', 0),
(640, 176, 'Тыва Республика', 'TY', '17', 71, 1, '0000-00-00 00:00:00', 1, '0000-00-00 00:00:00', 0, '0000-00-00 00:00:00', 0),
(641, 176, 'Тюменская область', 'TYU', '72', 72, 1, '0000-00-00 00:00:00', 1, '0000-00-00 00:00:00', 0, '0000-00-00 00:00:00', 0),
(642, 176, 'Удмуртская Республика', 'UD', '18', 73, 1, '0000-00-00 00:00:00', 1, '0000-00-00 00:00:00', 0, '0000-00-00 00:00:00', 0),
(643, 176, 'Ульяновская область', 'ULY', '73', 74, 1, '0000-00-00 00:00:00', 1, '0000-00-00 00:00:00', 0, '0000-00-00 00:00:00', 0),
(644, 176, 'Хакасия Республика', 'KK', '19', 75, 1, '0000-00-00 00:00:00', 1, '0000-00-00 00:00:00', 0, '0000-00-00 00:00:00', 0),
(645, 176, 'Челябинская область', 'CHE', '74', 76, 1, '0000-00-00 00:00:00', 1, '0000-00-00 00:00:00', 0, '0000-00-00 00:00:00', 0),
(646, 176, 'Чеченская Республика', 'CE', '20', 77, 1, '0000-00-00 00:00:00', 1, '0000-00-00 00:00:00', 0, '0000-00-00 00:00:00', 0),
(647, 176, 'Чувашская Республика', 'CU', '21', 78, 1, '0000-00-00 00:00:00', 1, '0000-00-00 00:00:00', 0, '0000-00-00 00:00:00', 0),
(648, 176, 'Чукотский автономный округ', 'CHU', '87', 79, 1, '0000-00-00 00:00:00', 1, '0000-00-00 00:00:00', 0, '0000-00-00 00:00:00', 0),
(649, 176, 'Хабаровский край', 'KHA', '27', 80, 1, '0000-00-00 00:00:00', 1, '0000-00-00 00:00:00', 0, '0000-00-00 00:00:00', 0),
(650, 176, 'Ханты-Мансийский автономный округ', 'KHM', '86', 81, 1, '0000-00-00 00:00:00', 1, '0000-00-00 00:00:00', 0, '0000-00-00 00:00:00', 0),
(651, 176, 'Ямало-Ненецкий автономный округ', 'YAN', '89', 82, 1, '0000-00-00 00:00:00', 1, '0000-00-00 00:00:00', 0, '0000-00-00 00:00:00', 0),
(652, 176, 'Ярославская область', 'YAR', '76', 83, 1, '0000-00-00 00:00:00', 1, '0000-00-00 00:00:00', 0, '0000-00-00 00:00:00', 0),
(653, 18, 'Dhaka', 'DHK', 'DH', 1, 1, NULL, 1, NULL, NULL, NULL, NULL);

-- --------------------------------------------------------

--
-- Table structure for table `os_user`
--

DROP TABLE IF EXISTS `os_user`;
CREATE TABLE IF NOT EXISTS `os_user` (
  `id` int(11) NOT NULL AUTO_INCREMENT,
  `name` varchar(255) NOT NULL,
  `username` varchar(150) NOT NULL,
  `email` varchar(100) NOT NULL,
  `password` varchar(100) NOT NULL,
  `registerDate` datetime NOT NULL DEFAULT '0000-00-00 00:00:00',
  `lastvisitDate` datetime NOT NULL DEFAULT '0000-00-00 00:00:00',
  `activation` varchar(100) NOT NULL DEFAULT '',
  `group_id` int(11) DEFAULT '0',
  `status` tinyint(1) DEFAULT NULL,
  PRIMARY KEY (`id`),
  KEY `idx_name` (`name`),
  KEY `username` (`username`),
  KEY `email` (`email`)
) ENGINE=InnoDB  DEFAULT CHARSET=utf8 AUTO_INCREMENT=5 ;

--
-- Dumping data for table `os_user`
--

INSERT INTO `os_user` (`id`, `name`, `username`, `email`, `password`, `registerDate`, `lastvisitDate`, `activation`, `group_id`, `status`) VALUES
(4, 'Saidur Rahman', 'rana', 'saidurwd@gmail.com', '80c0ff172a69c5068916cffbdad2d0b67ed77c97', '0000-00-00 00:00:00', '0000-00-00 00:00:00', '', 7, 1);

-- --------------------------------------------------------

--
-- Table structure for table `os_user_admin`
--

DROP TABLE IF EXISTS `os_user_admin`;
CREATE TABLE IF NOT EXISTS `os_user_admin` (
  `id` int(11) NOT NULL AUTO_INCREMENT,
  `name` varchar(255) NOT NULL,
  `username` varchar(150) NOT NULL,
  `email` varchar(100) NOT NULL,
  `password` varchar(100) NOT NULL,
  `registerDate` datetime NOT NULL DEFAULT '0000-00-00 00:00:00',
  `lastvisitDate` datetime NOT NULL DEFAULT '0000-00-00 00:00:00',
  `activation` varchar(100) NOT NULL DEFAULT '',
  `group_id` int(11) DEFAULT '0',
  `status` tinyint(1) DEFAULT NULL,
  PRIMARY KEY (`id`),
  KEY `idx_name` (`name`),
  KEY `username` (`username`),
  KEY `email` (`email`)
) ENGINE=InnoDB  DEFAULT CHARSET=utf8 AUTO_INCREMENT=2 ;

--
-- Dumping data for table `os_user_admin`
--

INSERT INTO `os_user_admin` (`id`, `name`, `username`, `email`, `password`, `registerDate`, `lastvisitDate`, `activation`, `group_id`, `status`) VALUES
(1, 'Administrator', 'admin', 'optimosolution@gmail.com', 'd033e22ae348aeb5660fc2140aec35850c4da997', '2013-02-01 00:00:00', '2013-03-11 00:00:00', '', 1, 1);

-- --------------------------------------------------------

--
-- Table structure for table `os_user_group`
--

DROP TABLE IF EXISTS `os_user_group`;
CREATE TABLE IF NOT EXISTS `os_user_group` (
  `id` int(10) unsigned NOT NULL AUTO_INCREMENT COMMENT 'Primary Key',
  `title` varchar(100) NOT NULL,
  `details` text,
  PRIMARY KEY (`id`),
  UNIQUE KEY `idx_usergroup_parent_title_lookup` (`title`),
  KEY `idx_usergroup_title_lookup` (`title`)
) ENGINE=InnoDB  DEFAULT CHARSET=utf8 AUTO_INCREMENT=8 ;

--
-- Dumping data for table `os_user_group`
--

INSERT INTO `os_user_group` (`id`, `title`, `details`) VALUES
(1, 'Super Users', NULL),
(2, 'Administrator', NULL),
(3, 'Manager', ''),
(4, 'Publisher', NULL),
(5, 'Editor', NULL),
(6, 'Author', NULL),
(7, 'Registered', NULL);

-- --------------------------------------------------------

--
-- Table structure for table `os_user_profile`
--

DROP TABLE IF EXISTS `os_user_profile`;
CREATE TABLE IF NOT EXISTS `os_user_profile` (
  `id` int(11) NOT NULL AUTO_INCREMENT,
  `user_id` int(11) NOT NULL,
  `profile_picture` varchar(255) DEFAULT NULL,
  `country_id` int(11) DEFAULT NULL,
  `state_id` int(11) DEFAULT NULL,
  `city_id` int(11) DEFAULT NULL,
  `address` varchar(255) DEFAULT NULL,
  `mobile` varchar(100) DEFAULT NULL,
  `phone` varchar(100) DEFAULT NULL,
  `fax` varchar(100) DEFAULT NULL,
  `website` varchar(150) DEFAULT NULL,
  `expiry` date DEFAULT '0000-00-00',
  `birth_date` date DEFAULT '0000-00-00',
  PRIMARY KEY (`id`),
  UNIQUE KEY `idx_user_id_profile_key` (`user_id`)
) ENGINE=InnoDB DEFAULT CHARSET=utf8 COMMENT='Simple user profile storage table' AUTO_INCREMENT=1 ;

-- --------------------------------------------------------

--
-- Table structure for table `os_user_status`
--

DROP TABLE IF EXISTS `os_user_status`;
CREATE TABLE IF NOT EXISTS `os_user_status` (
  `id` int(11) NOT NULL AUTO_INCREMENT,
  `status` varchar(255) NOT NULL,
  PRIMARY KEY (`id`)
) ENGINE=InnoDB  DEFAULT CHARSET=latin1 AUTO_INCREMENT=5 ;

--
-- Dumping data for table `os_user_status`
--

INSERT INTO `os_user_status` (`id`, `status`) VALUES
(1, 'Active'),
(2, 'Blocked'),
(3, 'Expired'),
(4, 'Trial');

/*!40101 SET CHARACTER_SET_CLIENT=@OLD_CHARACTER_SET_CLIENT */;
/*!40101 SET CHARACTER_SET_RESULTS=@OLD_CHARACTER_SET_RESULTS */;
/*!40101 SET COLLATION_CONNECTION=@OLD_COLLATION_CONNECTION */;
